林黛玉;贾宝玉;784.0
袭人;贾宝玉;602.0
史太君;贾宝玉;565.0
史太君;王熙凤;513.0
薛宝钗;贾宝玉;421.0
林黛玉;薛宝钗;418.0
史太君;王夫人;317.0
晴雯;贾宝玉;284.0
史太君;林黛玉;281.0
王熙凤;贾宝玉;275.0
王夫人;贾宝玉;270.0
平儿;王熙凤;245.0
王夫人;王熙凤;244.0
史太君;薛宝钗;205.0
史湘云;贾宝玉;205.0
史湘云;林黛玉;196.0
贾宝玉;贾政;185.0
王熙凤;贾琏;181.0
史湘云;薛宝钗;162.0
晴雯;袭人;158.0
林黛玉;袭人;155.0
史太君;鸳鸯;153.0
贾宝玉;麝月;153.0
史太君;薛姨妈;150.0
周瑞;周瑞家的;148.0
史太君;袭人;148.0
李纨;王熙凤;144.0
李纨;贾宝玉;137.0
史太君;李纨;136.0
薛宝钗;袭人;135.0
尤氏;王熙凤;135.0
林黛玉;王熙凤;133.0
贾宝玉;贾探春;131.0
史太君;邢夫人;129.0
史太君;尤氏;129.0
史太君;贾琏;125.0
王熙凤;薛宝钗;123.0
史太君;平儿;121.0
薛宝钗;贾探春;120.0
史太君;史湘云;119.0
林黛玉;王夫人;117.0
李纨;薛宝钗;116.0
王夫人;薛宝钗;115.0
李纨;林黛玉;113.0
李纨;贾探春;112.0
史太君;贾政;109.0
刘姥姥;史太君;108.0
贾珍;贾蓉;108.0
晴雯;麝月;106.0
林黛玉;贾探春;106.0
薛姨妈;薛宝钗;106.0
平儿;贾宝玉;105.0
平儿;袭人;104.0
秦钟;贾宝玉;99.0
芳官;贾宝玉;98.0
王熙凤;邢夫人;97.0
王熙凤;薛姨妈;96.0
王熙凤;鸳鸯;96.0
史太君;贾珍;95.0
平儿;贾琏;94.0
紫鹃;贾宝玉;93.0
茗烟;贾宝玉;92.0
史太君;贾探春;90.0
薛姨妈;贾宝玉;90.0
王夫人;袭人;89.0
袭人;麝月;87.0
刘姥姥;王熙凤;83.0
王夫人;薛姨妈;83.0
王熙凤;贾探春;81.0
王熙凤;贾蓉;81.0
王夫人;邢夫人;79.0
王熙凤;袭人;78.0
史湘云;袭人;77.0
史太君;贾赦;77.0
林黛玉;紫鹃;77.0
贾宝玉;贾环;74.0
史太君;贾蓉;73.0
王熙凤;贾珍;73.0
平儿;李纨;72.0
贾珍;贾琏;71.0
林黛玉;薛姨妈;71.0
薛宝钗;香菱;67.0
平儿;贾探春;67.0
李纨;王夫人;66.0
史湘云;李纨;66.0
林之孝;林之孝家的;66.0
周瑞;王熙凤;66.0
贾宝玉;贾珍;65.0
尤氏;王夫人;64.0
史太君;晴雯;64.0
林黛玉;香菱;63.0
王夫人;贾政;62.0
周瑞家的;王熙凤;62.0
尤氏;贾珍;62.0
贾宝玉;香菱;62.0
贾宝玉;贾迎春;61.0
平儿;鸳鸯;61.0
芳官;袭人;59.0
贾宝玉;鸳鸯;58.0
贾宝玉;贾琏;57.0
史太君;贾迎春;57.0
尤氏;李纨;56.0
尤氏;贾蓉;55.0
史湘云;王熙凤;54.0
平儿;薛宝钗;54.0
薛宝钗;薛蟠;53.0
来旺;王熙凤;53.0
史湘云;薛宝琴;53.0
贾琏;贾蓉;53.0
贾探春;贾迎春;53.0
晴雯;林黛玉;53.0
莺儿;贾宝玉;52.0
薛宝琴;贾宝玉;52.0
林黛玉;薛宝琴;51.0
薛宝钗;贾迎春;51.0
薛蟠;贾宝玉;51.0
薛姨妈;薛蟠;51.0
王夫人;鸳鸯;51.0
林黛玉;贾迎春;51.0
薛宝琴;薛宝钗;51.0
刘姥姥;周瑞;49.0
史湘云;贾探春;49.0
莺儿;薛宝钗;49.0
贾宝玉;贾芸;48.0
尤氏;贾宝玉;48.0
尤氏;邢夫人;48.0
王夫人;贾迎春;47.0
薛蟠;香菱;45.0
晴雯;王夫人;45.0
晴雯;芳官;44.0
刘姥姥;周瑞家的;44.0
史太君;紫鹃;43.0
贾宝玉;邢夫人;43.0
秦可卿;贾宝玉;43.0
尤二姐;贾琏;43.0
王夫人;贾珍;43.0
夏金桂;薛蟠;42.0
王熙凤;贾瑞;42.0
王夫人;贾探春;42.0
兴儿;王熙凤;41.0
袭人;鸳鸯;41.0
尤二姐;王熙凤;41.0
刘姥姥;鸳鸯;41.0
秋纹;贾宝玉;41.0
夏金桂;香菱;41.0
贾政;贾珍;40.0
王熙凤;贾迎春;40.0
史太君;麝月;40.0
王熙凤;秦可卿;40.0
贾宝玉;贾赦;39.0
史太君;贾元春;39.0
史太君;薛宝琴;39.0
史湘云;王夫人;38.0
刘姥姥;贾宝玉;38.0
玉钏;贾宝玉;38.0
李纨;袭人;37.0
贾政;贾赦;37.0
贾惜春;贾探春;37.0
贾宝玉;贾惜春;37.0
贾宝玉;赵姨娘;37.0
李纨;贾迎春;37.0
周瑞;平儿;36.0
薛宝钗;贾惜春;36.0
史太君;贾惜春;36.0
贾宝玉;贾蓉;36.0
王夫人;贾赦;36.0
贾琏;贾赦;35.0
平儿;王夫人;35.0
李纨;贾惜春;35.0
林黛玉;贾惜春;35.0
贾赦;邢夫人;35.0
贾元春;贾宝玉;35.0
贾珍;贾赦;35.0
薛宝琴;贾探春;34.0
平儿;林黛玉;34.0
王夫人;贾琏;34.0
王熙凤;贾赦;34.0
邢夫人;鸳鸯;34.0
贾政;贾环;33.0
史湘云;薛姨妈;33.0
史湘云;翠缕;33.0
袭人;贾探春;32.0
薛姨妈;鸳鸯;32.0
小红;贾宝玉;32.0
周瑞家的;平儿;32.0
贾宝玉;金钏;32.0
薛姨妈;香菱;31.0
王熙凤;贾惜春;31.0
周瑞;王夫人;31.0
史太君;琥珀;31.0
史太君;周瑞;31.0
刘姥姥;平儿;31.0
贾环;赵姨娘;30.0
李嬷嬷;贾宝玉;30.0
贾惜春;贾迎春;30.0
王夫人;贾环;30.0
李纨;薛姨妈;29.0
秋纹;麝月;29.0
贾琏;邢夫人;29.0
史湘云;平儿;28.0
史太君;尤二姐;28.0
尤氏;鸳鸯;28.0
贾琏;鸳鸯;28.0
王夫人;金钏;28.0
晴雯;薛宝钗;28.0
水溶;贾宝玉;28.0
春燕;贾宝玉;28.0
史湘云;香菱;28.0
贾兰;贾宝玉;28.0
贾珍;邢夫人;28.0
刘姥姥;板儿;28.0
史太君;周瑞家的;27.0
林黛玉;鸳鸯;27.0
四儿;贾宝玉;27.0
林之孝;王熙凤;27.0
尤氏;平儿;27.0
周瑞家的;王夫人;27.0
史太君;林之孝;27.0
紫鹃;袭人;26.0
贾探春;香菱;26.0
贾元春;贾政;26.0
王熙凤;贾政;26.0
王熙凤;秦钟;26.0
尤氏;贾探春;26.0
李贵;贾宝玉;26.0
小红;王熙凤;26.0
薛宝钗;邢岫烟;26.0
李纨;薛宝琴;25.0
林黛玉;贾政;25.0
刘姥姥;王夫人;25.0
薛姨妈;邢夫人;25.0
张华;王熙凤;25.0
王熙凤;薛宝琴;25.0
妙玉;贾宝玉;25.0
贾宝玉;邢岫烟;24.0
王夫人;贾蓉;24.0
李纨;鸳鸯;24.0
晴雯;秋纹;24.0
薛宝钗;贾环;24.0
贾探春;赵姨娘;24.0
秦可卿;贾珍;24.0
薛姨妈;袭人;24.0
夏金桂;宝蟾;24.0
贾政;贾琏;23.0
刘姥姥;薛姨妈;23.0
平儿;香菱;23.0
平儿;晴雯;23.0
秦可卿;贾蓉;23.0
智能;秦钟;22.0
贾迎春;邢夫人;22.0
小红;贾芸;22.0
王熙凤;贾环;22.0
薛宝钗;贾政;22.0
秋纹;袭人;22.0
周瑞;贾宝玉;22.0
李纨;邢夫人;22.0
尤氏;贾琏;22.0
林黛玉;邢夫人;22.0
林黛玉;贾琏;22.0
晴雯;王熙凤;21.0
史太君;赖大;21.0
史太君;秋纹;21.0
小红;林黛玉;21.0
王善保家的;王熙凤;21.0
袭人;香菱;21.0
尤氏;薛宝钗;21.0
史湘云;鸳鸯;21.0
晴雯;李纨;21.0
薛蟠;贾珍;21.0
贾蓉;贾赦;21.0
尤氏;秦可卿;21.0
史太君;秦钟;21.0
王熙凤;琥珀;21.0
平儿;邢夫人;21.0
甄士隐;贾雨村;21.0
刘姥姥;林黛玉;21.0
史太君;贾环;21.0
来旺;贾琏;21.0
王夫人;赵姨娘;21.0
紫鹃;薛宝钗;21.0
史太君;薛蟠;21.0
坠儿;贾宝玉;20.0
莺儿;袭人;20.0
王熙凤;贾元春;20.0
琥珀;鸳鸯;20.0
贾宝玉;雪雁;20.0
王熙凤;赵姨娘;20.0
司棋;贾迎春;20.0
史太君;林之孝家的;20.0
王熙凤;赖大;20.0
智能;贾宝玉;20.0
王熙凤;秋桐;20.0
王熙凤;贾芸;20.0
蒋玉菡;贾宝玉;20.0
坠儿;小红;20.0
春燕;芳官;20.0
彩云;贾宝玉;20.0
王夫人;琥珀;19.0
李纨;赵姨娘;19.0
琥珀;贾宝玉;19.0
薛蟠;贾琏;19.0
史太君;香菱;19.0
薛宝钗;麝月;19.0
林黛玉;莺儿;19.0
尤氏;贾惜春;19.0
薛宝钗;鸳鸯;19.0
春燕;袭人;19.0
史太君;赵姨娘;19.0
贾兰;贾环;19.0
平儿;来旺;19.0
藕官;贾宝玉;19.0
春燕;莺儿;19.0
薛姨妈;贾迎春;19.0
王夫人;麝月;19.0
司棋;周瑞家的;18.0
尤二姐;平儿;18.0
史湘云;尤氏;18.0
史太君;秦可卿;18.0
李纨;贾珍;18.0
林之孝;贾宝玉;18.0
玉钏;袭人;18.0
柳五儿;芳官;18.0
史湘云;贾惜春;18.0
宝蟾;香菱;18.0
丰儿;王熙凤;18.0
四儿;袭人;18.0
宝蟾;薛蟠;18.0
贾政;贾雨村;18.0
王夫人;贾元春;18.0
平儿;芳官;18.0
柳家的;芳官;18.0
林之孝;贾琏;18.0
王夫人;贾惜春;18.0
史湘云;邢岫烟;18.0
司棋;周瑞;18.0
袭人;赵姨娘;18.0
尤氏;薛姨妈;18.0
林之孝家的;王熙凤;18.0
史湘云;贾迎春;18.0
贾元春;贾琏;18.0
王一贴;贾宝玉;17.0
林黛玉;雪雁;17.0
史太君;板儿;17.0
贾蓉;邢夫人;17.0
妙玉;林黛玉;17.0
贾兰;贾政;17.0
李纨;香菱;17.0
贾赦;鸳鸯;17.0
倪二;贾芸;17.0
芳官;麝月;17.0
彩云;贾环;17.0
薛姨妈;贾珍;17.0
李纨;林之孝;17.0
史太君;张道士;17.0
芳官;藕官;17.0
紫鹃;雪雁;17.0
司棋;鸳鸯;17.0
薛宝琴;邢岫烟;17.0
刘姥姥;李纨;16.0
史太君;贾兰;16.0
林黛玉;邢岫烟;16.0
赵姨娘;马道婆;16.0
贾探春;鸳鸯;16.0
袭人;贾琏;16.0
秋桐;贾琏;16.0
秦钟;贾瑞;16.0
林之孝;贾探春;16.0
入画;贾惜春;16.0
王熙凤;邢岫烟;16.0
玻璃;贾宝玉;16.0
林之孝家的;贾探春;16.0
板儿;王熙凤;15.0
林黛玉;麝月;15.0
贾宝玉;赖大;15.0
贾宝玉;贾瑞;15.0
彩云;王夫人;15.0
尤三姐;贾琏;15.0
尤二姐;尤氏;15.0
王济仁;贾宝玉;15.0
尤氏;薛宝琴;15.0
贾探春;贾环;15.0
佩凤;尤氏;15.0
尤氏;林黛玉;15.0
小红;薛宝钗;15.0
周瑞;李纨;15.0
李嬷嬷;袭人;15.0
林黛玉;贾珍;15.0
薛宝钗;邢夫人;15.0
贾琏;贾芸;15.0
周瑞家的;贾宝玉;15.0
周瑞家的;薛宝钗;15.0
尤二姐;秋桐;15.0
周瑞;薛宝钗;15.0
张华;贾蓉;15.0
尤氏;贾赦;15.0
冯紫英;贾宝玉;15.0
李嬷嬷;林黛玉;15.0
王夫人;薛蟠;15.0
贾敬;贾蓉;15.0
薛姨妈;贾探春;15.0
袭人;贾环;15.0
李纨;邢岫烟;15.0
周瑞;林黛玉;15.0
林之孝家的;贾宝玉;15.0
周瑞家的;李纨;14.0
周瑞家的;林黛玉;14.0
贾宝玉;龄官;14.0
史太君;李嬷嬷;14.0
袭人;贾政;14.0
贾宝玉;贾蔷;14.0
林黛玉;贾赦;14.0
薛宝钗;贾珍;14.0
邢夫人;邢岫烟;14.0
蕊官;藕官;14.0
贾蔷;龄官;14.0
王熙凤;香菱;14.0
周瑞;板儿;14.0
刘姥姥;薛宝钗;14.0
李纨;林之孝家的;14.0
彩霞;王夫人;13.0
贾蓉;贾蓉之妻;13.0
四儿;晴雯;13.0
玉钏;王夫人;13.0
林黛玉;琥珀;13.0
春燕;晴雯;13.0
史太君;文官;13.0
平儿;麝月;13.0
林黛玉;芳官;13.0
茜雪;贾宝玉;13.0
薛宝钗;金钏;13.0
司棋;贾宝玉;13.0
平儿;林之孝;13.0
尤老娘;贾琏;13.0
王夫人;紫鹃;13.0
林黛玉;贾环;13.0
坠儿;晴雯;13.0
李纨;贾琏;13.0
茗烟;袭人;13.0
芳官;蕊官;13.0
翠墨;贾宝玉;13.0
平儿;林之孝家的;13.0
兴儿;平儿;13.0
薛宝琴;香菱;13.0
张华;来旺;13.0
翠缕;贾宝玉;13.0
史太君;贾芸;13.0
平儿;贾赦;13.0
王夫人;薛宝琴;13.0
四儿;麝月;13.0
李纨;贾蓉;13.0
秦可卿;秦钟;13.0
冯紫英;薛蟠;13.0
贾瑞;贾蔷;13.0
丰儿;平儿;13.0
贾探春;邢夫人;13.0
云儿;薛蟠;13.0
李纨;贾政;12.0
史太君;妙玉;12.0
四儿;芳官;12.0
小红;袭人;12.0
张道士;贾宝玉;12.0
司棋;王熙凤;12.0
兴儿;来旺;12.0
尤氏;袭人;12.0
尤氏;林之孝;12.0
贾探春;贾政;12.0
周瑞家的;板儿;12.0
史湘云;琥珀;12.0
柳湘莲;薛蟠;12.0
夏金桂;薛姨妈;12.0
林黛玉;贾元春;12.0
贾政;贾迎春;12.0
平儿;薛姨妈;12.0
王夫人;赖大;12.0
薛宝钗;赵姨娘;12.0
坠儿;贾芸;12.0
云儿;贾宝玉;12.0
薛姨妈;贾琏;12.0
贾政;邢夫人;12.0
李贵;茗烟;12.0
柳家的;贾宝玉;12.0
史太君;邢岫烟;12.0
王熙凤;金钏;12.0
平儿;玉钏;12.0
秦钟;茗烟;12.0
玉钏;王熙凤;12.0
薛蟠;袭人;12.0
王夫人;芳官;12.0
袭人;金钏;12.0
彩霞;王熙凤;12.0
贾敬;贾珍;12.0
史太君;芳官;12.0
平儿;莺儿;12.0
小红;李纨;12.0
柳五儿;贾宝玉;11.0
薛宝琴;袭人;11.0
史太君;莺儿;11.0
贾蓉;贾蔷;11.0
尤氏;秦钟;11.0
彩霞;贾宝玉;11.0
王熙凤;麝月;11.0
史太君;赖大的母亲;11.0
尤二姐;贾珍;11.0
平儿;赵姨娘;11.0
平儿;琥珀;11.0
史太君;贾敬;11.0
平儿;薛宝琴;11.0
佳蕙;小红;11.0
兴儿;尤二姐;11.0
蒋玉菡;薛蟠;11.0
贾宝玉;贾雨村;11.0
袭人;贾赦;11.0
刘姥姥;史湘云;11.0
史太君;茗烟;11.0
司棋;晴雯;11.0
史湘云;紫鹃;11.0
入画;王熙凤;11.0
茜雪;袭人;11.0
薛蟠;邢夫人;11.0
李纨;李绮;11.0
薛宝钗;贾琏;11.0
周瑞;袭人;11.0
丰儿;史太君;11.0
史太君;玉钏;11.0
薛姨妈;贾惜春;11.0
袭人;贾芸;11.0
平儿;贾迎春;11.0
王善保家的;贾宝玉;11.0
史太君;王济仁;10.0
李纨;贾赦;10.0
周瑞;贾迎春;10.0
史太君;来旺;10.0
林黛玉;贾芸;10.0
尤二姐;贾蓉;10.0
彩云;赵姨娘;10.0
李纨;贾兰;10.0
女先儿;王熙凤;10.0
平儿;贾蓉;10.0
贾政;赵姨娘;10.0
贾迎春;香菱;10.0
王夫人;香菱;10.0
周瑞家的;袭人;10.0
贾环;贾琏;10.0
袭人;邢夫人;10.0
贾琏;鲍二家的;10.0
水溶;贾政;10.0
李纨;琥珀;10.0
史太君;贾蓉之妻;10.0
李纹;李绮;10.0
莺儿;薛姨妈;10.0
晴雯;贾探春;10.0
芳官;贾探春;10.0
史太君;女先儿;10.0
秦钟;贾珍;10.0
俞禄;贾珍;10.0
尤氏;林之孝家的;10.0
薛宝钗;贾雨村;10.0
王夫人;王子腾;10.0
史太君;小红;10.0
玉钏;莺儿;10.0
紫鹃;薛姨妈;10.0
史湘云;贾环;10.0
尤氏;贾蓉之妻;10.0
周瑞家的;贾迎春;10.0
赖大;邢夫人;10.0
平儿;彩云;10.0
花自芳;袭人;10.0
李纨;李纹;10.0
史太君;水溶;10.0
薛宝琴;鸳鸯;10.0
薛姨妈;薛宝琴;10.0
贾迎春;鸳鸯;10.0
芳官;薛宝钗;10.0
李贵;秦钟;10.0
周瑞;香菱;10.0
林黛玉;薛蟠;10.0
林黛玉;赵姨娘;10.0
贾敬;贾赦;9.0
莺儿;贾环;9.0
柳湘莲;薛姨妈;9.0
贾兰;贾探春;9.0
贾政;贾蓉;9.0
王熙凤;贾兰;9.0
薛蟠;贾蓉;9.0
翠缕;袭人;9.0
王熙凤;贾蔷;9.0
林黛玉;贾雨村;9.0
坠儿;平儿;9.0
柳湘莲;贾宝玉;9.0
李纨;贾环;9.0
晴雯;香菱;9.0
平儿;邢岫烟;9.0
乌进孝;贾珍;9.0
紫鹃;贾探春;9.0
贾环;贾赦;9.0
贾惜春;香菱;9.0
晴雯;薛姨妈;9.0
司棋;薛宝钗;9.0
尤氏;赖大;9.0
智能;王熙凤;9.0
王善保家的;邢夫人;9.0
史太君;金钏;9.0
林之孝;袭人;9.0
贾迎春;邢岫烟;9.0
芳官;赵姨娘;9.0
平儿;柳家的;9.0
王熙凤;赵嬷嬷;9.0
周瑞;金钏;9.0
薛姨妈;贾赦;9.0
彩云;玉钏;9.0
贾探春;贾琏;9.0
李纨;来旺;9.0
尤老娘;贾珍;9.0
俞禄;贾蓉;9.0
林之孝家的;袭人;9.0
拐子;香菱;9.0
周瑞家的;贾惜春;9.0
平儿;秋纹;9.0
林黛玉;贾兰;9.0
平儿;春燕;9.0
贾珍;邢德全;9.0
史太君;张华;9.0
贾元春;贾珍;9.0
晴雯;贾迎春;9.0
周瑞家的;金钏;9.0
林之孝;柳五儿;9.0
林黛玉;翠缕;9.0
王子腾;王熙凤;9.0
司棋;王夫人;9.0
来旺;贾蓉;9.0
贾琏;贾芹;9.0
王夫人;贾兰;9.0
贾珍;贾蔷;9.0
紫鹃;翠缕;9.0
柳五儿;袭人;9.0
琥珀;薛宝钗;9.0
王熙凤;紫鹃;9.0
尤三姐;贾珍;9.0
贾珍;贾芹;9.0
金钏;香菱;9.0
林之孝家的;柳五儿;9.0
晴雯;王善保家的;9.0
史太君;玻璃;9.0
王善保家的;王夫人;9.0
贾宝玉;贾珠;9.0
玉钏;薛姨妈;9.0
张道士;贾珍;9.0
薛宝钗;贾元春;9.0
贾环;贾迎春;9.0
柳五儿;柳家的;9.0
兴儿;史太君;9.0
周瑞;贾惜春;9.0
妙玉;薛宝钗;9.0
李嬷嬷;薛宝钗;9.0
薛宝琴;贾迎春;9.0
周瑞家的;香菱;8.0
薛宝琴;贾惜春;8.0
胡君荣;贾琏;8.0
彩云;袭人;8.0
甄士隐;香菱;8.0
李纹;薛宝琴;8.0
张华;贾珍;8.0
小红;晴雯;8.0
入画;司棋;8.0
莺儿;蕊官;8.0
坠儿;袭人;8.0
文官;王熙凤;8.0
张华;贾琏;8.0
王熙凤;赖大的母亲;8.0
薛姨妈;赖大;8.0
周瑞;邢夫人;8.0
周瑞家的;贾探春;8.0
彩霞;贾琏;8.0
贾元春;贾探春;8.0
玉钏;金钏;8.0
薛蟠;贾政;8.0
史太君;彩云;8.0
林之孝;王夫人;8.0
琥珀;薛姨妈;8.0
赖大;赖大的母亲;8.0
李纨;贾元春;8.0
贾宝玉;马道婆;8.0
拐子;贾雨村;8.0
坠儿;麝月;8.0
李纨;麝月;8.0
春燕;麝月;8.0
周瑞;薛姨妈;8.0
李纹;邢岫烟;8.0
林黛玉;金钏;8.0
冷子兴;贾雨村;8.0
贾元春;贾环;8.0
史太君;彩霞;8.0
莺儿;藕官;8.0
王熙凤;薛蟠;8.0
林黛玉;贾蓉;8.0
翠墨;贾探春;8.0
吴新登;贾探春;8.0
莺儿;贾探春;8.0
王熙凤;鲍二家的;8.0
周瑞;贾琏;8.0
平儿;贾惜春;8.0
彩云;鸳鸯;8.0
柳五儿;王熙凤;8.0
平儿;柳五儿;8.0
茗烟;贾瑞;8.0
尤氏;金氏;8.0
平儿;贾环;8.0
贾探春;邢岫烟;8.0
平儿;秋桐;8.0
花自芳;贾宝玉;8.0
贾珍;赖大;8.0
周瑞家的;邢夫人;8.0
贾雨村;香菱;8.0
史湘云;莺儿;8.0
贾珍;贾蓉之妻;8.0
卜世仁;贾芸;8.0
史太君;马道婆;8.0
史湘云;芳官;8.0
周瑞;贾探春;8.0
兴儿;李纨;8.0
张材家的;王熙凤;8.0
冯渊;香菱;7.0
周瑞家的;王善保家的;7.0
史太君;王善保家的;7.0
刘姥姥;贾探春;7.0
夏金桂;薛宝钗;7.0
戴权;贾珍;7.0
贾兰;贾赦;7.0
晴雯;莺儿;7.0
李纨;素云;7.0
贾环;邢夫人;7.0
周瑞家的;薛姨妈;7.0
周瑞;王善保家的;7.0
贾环;贾珍;7.0
史湘云;贾政;7.0
贾宝玉;贾琮;7.0
史太君;王子腾;7.0
周瑞家的;贾琏;7.0
司棋;林黛玉;7.0
晴雯;赵姨娘;7.0
柳湘莲;贾琏;7.0
王熙凤;芳官;7.0
王夫人;秦可卿;7.0
住儿;贾迎春;7.0
李绮;薛宝琴;7.0
贾环;金钏;7.0
薛姨妈;金钏;7.0
尤氏;银蝶;7.0
薛宝琴;邢夫人;7.0
尤氏;贾迎春;7.0
晴雯;贾政;7.0
平儿;板儿;7.0
彩霞;贾环;7.0
刘姥姥;袭人;7.0
玉钏;鸳鸯;7.0
尤氏;琥珀;7.0
贾宝玉;贾菌;7.0
俞禄;贾琏;7.0
春燕;薛宝钗;7.0
秦钟;贾蓉;7.0
贾赦;赖大;7.0
史太君;秋桐;7.0
林如海;林黛玉;7.0
王熙凤;玻璃;7.0
贾珍;贾迎春;7.0
佳蕙;贾宝玉;7.0
史太君;司棋;7.0
薛姨妈;贾蓉;7.0
王熙凤;莺儿;7.0
尤氏;贾敬;7.0
张道士;王熙凤;7.0
史湘云;贾兰;7.0
蕊官;贾宝玉;7.0
玻璃;芳官;7.0
平儿;贾珍;7.0
琥珀;邢夫人;7.0
彩霞;来旺;7.0
翠墨;薛宝钗;7.0
史太君;贾珠;7.0
史太君;李贵;7.0
蒋玉菡;袭人;7.0
翠墨;袭人;7.0
秦可卿;袭人;7.0
小螺;贾宝玉;7.0
贾琏;赖大;7.0
珍珠;贾宝玉;7.0
薛姨妈;邢岫烟;7.0
贾珍;金氏;7.0
琥珀;薛宝琴;7.0
李纨;紫鹃;7.0
林黛玉;藕官;7.0
袭人;邢岫烟;7.0
李绮;邢岫烟;7.0
王子腾;贾宝玉;7.0
贾赦;贾迎春;7.0
王熙凤;贾芹;7.0
平儿;金钏;7.0
李纨;赖大;7.0
贾元春;贾赦;7.0
贾琏;贾迎春;7.0
史湘云;邢夫人;7.0
薛宝钗;贾兰;7.0
平儿;贾兰;7.0
王夫人;贾珠;7.0
鸳鸯;麝月;7.0
贾政;金钏;7.0
邢岫烟;香菱;6.0
刘姥姥;贾迎春;6.0
林之孝;薛宝钗;6.0
丰儿;周瑞;6.0
傅试;贾宝玉;6.0
袭人;贾迎春;6.0
待书;王熙凤;6.0
袭人;贾兰;6.0
女先儿;尤氏;6.0
孙绍祖;贾迎春;6.0
丰儿;王夫人;6.0
琥珀;贾探春;6.0
林之孝;玉钏;6.0
入画;周瑞家的;6.0
莺儿;香菱;6.0
王夫人;秋纹;6.0
史太君;孙绍祖;6.0
周瑞家的;智能;6.0
贾兰;邢夫人;6.0
贾探春;贾赦;6.0
薛蝌;贾宝玉;6.0
林黛玉;秋纹;6.0
王一贴;茗烟;6.0
薛蟠;贾瑞;6.0
周姨娘;贾宝玉;6.0
贾芹;贾蓉;6.0
薛姨妈;赵姨娘;6.0
王善保家的;袭人;6.0
豆官;香菱;6.0
尤二姐;李纨;6.0
邢夫人;邢德全;6.0
李纨;贾珠;6.0
佳蕙;林黛玉;6.0
芳官;贾环;6.0
晴雯;紫鹃;6.0
王子腾;薛宝钗;6.0
彩云;王熙凤;6.0
贾兰;贾珍;6.0
贾菖;贾菱;6.0
入画;贾宝玉;6.0
入画;周瑞;6.0
贾惜春;贾政;6.0
花自芳;茗烟;6.0
住儿;平儿;6.0
周瑞;赖大;6.0
尤二姐;贾宝玉;6.0
周姨娘;王夫人;6.0
林黛玉;秦钟;6.0
贾惜春;贾环;6.0
李嬷嬷;薛姨妈;6.0
小螺;林黛玉;6.0
李绮;王熙凤;6.0
周瑞;智能;6.0
小红;秋纹;6.0
史太君;喜鸾;6.0
史湘云;晴雯;6.0
贾探春;贾珍;6.0
周姨娘;王熙凤;6.0
尤氏;贾政;6.0
葵官;豆官;6.0
彩云;金钏;6.0
李纨;芳官;6.0
贾敬;贾琏;6.0
林之孝;芳官;6.0
林黛玉;茗烟;6.0
晴雯;玻璃;6.0
秋桐;胡君荣;6.0
史太君;翠缕;6.0
晴雯;林之孝;6.0
芳官;香菱;6.0
四儿;王夫人;6.0
玉钏;芳官;6.0
春燕;柳五儿;6.0
冯紫英;贾珍;6.0
史湘云;贾蓉;6.0
李纨;莺儿;6.0
尤三姐;尤二姐;6.0
刘姥姥;贾惜春;6.0
秦业;秦钟;6.0
傻大姐;史太君;6.0
林黛玉;玉钏;6.0
刘姥姥;妙玉;6.0
林之孝家的;薛宝钗;6.0
柳五儿;贾探春;6.0
袭人;贾珍;6.0
贾瑞;贾蓉;6.0
王熙凤;秋纹;6.0
薛蝌;薛蟠;6.0
王善保家的;贾探春;6.0
冯渊;拐子;6.0
李纨;赖大的母亲;6.0
林之孝家的;芳官;6.0
司棋;贾探春;6.0
冯渊;贾雨村;6.0
薛蟠;贾迎春;6.0
李贵;贾瑞;6.0
净虚;王熙凤;6.0
尤二姐;邢夫人;6.0
春燕;柳家的;6.0
紫鹃;莺儿;6.0
尤氏;张华;6.0
贾兰;贾蓉;6.0
薛宝钗;贾赦;6.0
周姨娘;赵姨娘;6.0
尤氏;赵姨娘;6.0
兴儿;贾珍;6.0
待书;贾探春;6.0
贾琏;贾蔷;6.0
云儿;林黛玉;6.0
平儿;贾元春;6.0
入画;尤氏;6.0
贾惜春;鸳鸯;5.0
贾政;贾珠;5.0
薛蟠;贾雨村;5.0
史湘云;赵姨娘;5.0
女先儿;贾宝玉;5.0
素云;贾探春;5.0
尤氏;贾元春;5.0
孙绍祖;贾宝玉;5.0
晴雯;薛宝琴;5.0
王夫人;贾敬;5.0
贾政;贾蔷;5.0
贾珍;贾菱;5.0
素云;薛宝钗;5.0
贾珍;贾菖;5.0
李纨;茗烟;5.0
史太君;素云;5.0
贾环;贾蓉;5.0
入画;贾探春;5.0
吴新登;李纨;5.0
林黛玉;王子腾;5.0
封肃;贾雨村;5.0
宝官;贾宝玉;5.0
林之孝家的;王夫人;5.0
昭儿;王熙凤;5.0
入画;李纨;5.0
尤氏;贾兰;5.0
彩霞;鸳鸯;5.0
薛姨妈;薛蝌;5.0
史湘云;李绮;5.0
文官;薛宝钗;5.0
李纨;秦可卿;5.0
平儿;赖大;5.0
王夫人;贾雨村;5.0
周瑞家的;尤氏;5.0
王夫人;邢岫烟;5.0
蒋玉菡;薛宝钗;5.0
丰儿;周瑞家的;5.0
平儿;待书;5.0
贾珍;贾琮;5.0
蕊官;薛宝钗;5.0
尤三姐;柳湘莲;5.0
云儿;冯紫英;5.0
史太君;雪雁;5.0
晴雯;玉钏;5.0
史太君;茜雪;5.0
尤氏;焦大;5.0
尤三姐;贾宝玉;5.0
兴儿;贾蓉;5.0
秋桐;贾赦;5.0
周姨娘;薛姨妈;5.0
贾元春;邢夫人;5.0
史湘云;李纹;5.0
李绮;贾宝玉;5.0
藕官;袭人;5.0
李绮;贾迎春;5.0
贾芸;贾芹;5.0
秦业;贾宝玉;5.0
昭儿;林黛玉;5.0
冯紫英;尤氏;5.0
云儿;蒋玉菡;5.0
喜儿;隆儿;5.0
王熙凤;贾珠;5.0
尤二姐;鲍二家的;5.0
王济仁;贾珍;5.0
李绮;林黛玉;5.0
李纹;林黛玉;5.0
贾元春;贾兰;5.0
柳湘莲;贾珍;5.0
来旺;王夫人;5.0
李嬷嬷;茜雪;5.0
平儿;贾瑞;5.0
李贵;贾政;5.0
芳官;葵官;5.0
林之孝家的;玉钏;5.0
焦大;王熙凤;5.0
坠儿;林黛玉;5.0
周瑞;尤氏;5.0
史太君;李绮;5.0
贾惜春;邢岫烟;5.0
史太君;周姨娘;5.0
玉钏;赵姨娘;5.0
李纹;贾迎春;5.0
琥珀;紫鹃;5.0
茗烟;贾蔷;5.0
史湘云;贾琏;5.0
史太君;翠墨;5.0
贾琮;贾蓉;5.0
李纨;秦钟;5.0
平儿;素云;5.0
林之孝;贾珍;5.0
李纹;贾宝玉;5.0
周姨娘;林黛玉;5.0
晴雯;邢夫人;5.0
林之孝;薛姨妈;5.0
贾琏;赵嬷嬷;5.0
史太君;藕官;5.0
贾兰;贾琏;5.0
王熙凤;贾蓉之妻;5.0
芳官;豆官;5.0
贾宝玉;锄药;5.0
李纹;王熙凤;5.0
坠儿;薛宝钗;5.0
小红;平儿;5.0
拐子;薛蟠;5.0
宝蟾;薛宝钗;5.0
彩云;林黛玉;5.0
王熙凤;珍珠;5.0
王子腾;贾琏;5.0
尤二姐;贾赦;5.0
王熙凤;贾敬;5.0
薛蟠;邢德全;5.0
小红;李嬷嬷;5.0
文官;薛姨妈;5.0
小螺;薛宝琴;5.0
甄士隐;贾宝玉;5.0
贾迎春;赵姨娘;5.0
尤氏;贾环;5.0
晴雯;鸳鸯;5.0
小螺;薛宝钗;5.0
尤二姐;王夫人;5.0
文官;王夫人;5.0
王夫人;莺儿;5.0
俞禄;史太君;5.0
蕊官;豆官;5.0
尤老娘;张华;5.0
薛姨妈;贾环;5.0
王夫人;秦钟;5.0
邢夫人;麝月;5.0
蒋玉菡;贾政;5.0
来旺;贾珍;5.0
贾珍;贾芸;5.0
柳湘莲;薛宝钗;5.0
小红;贾探春;5.0
周瑞家的;赖大;5.0
彩云;薛宝钗;5.0
林之孝;赖大;5.0
傅试;玉钏;5.0
丰儿;李纨;5.0
王夫人;贾瑞;5.0
史湘云;葵官;5.0
尤二姐;胡君荣;5.0
彩云;贾探春;5.0
贾宝玉;贾蓉之妻;5.0
周瑞;晴雯;5.0
史太君;薛蝌;5.0
袭人;贾惜春;5.0
尤氏;香菱;5.0
来旺;袭人;5.0
史太君;贾瑞;5.0
史太君;四姐;5.0
薛姨妈;贾政;5.0
彩云;李纨;5.0
平儿;鲍二家的;5.0
林黛玉;蕊官;5.0
周瑞;来旺;5.0
王济仁;麝月;5.0
彩霞;赵姨娘;5.0
晴雯;茜雪;5.0
檀云;麝月;5.0
焦大;贾蓉;5.0
四儿;春燕;5.0
薛蝌;邢夫人;5.0
贾兰;贾菌;5.0
宋嬷嬷;贾宝玉;5.0
多官;贾琏;5.0
彩云;晴雯;5.0
冯渊;薛蟠;5.0
晴雯;林之孝家的;5.0
史太君;李纹;5.0
紫鹃;薛宝琴;5.0
春燕;藕官;5.0
史太君;坠儿;5.0
周瑞家的;晴雯;5.0
水溶;王熙凤;4.0
傅秋芳;贾宝玉;4.0
王夫人;贾蔷;4.0
女先儿;李纨;4.0
翠墨;薛宝琴;4.0
史湘云;妙玉;4.0
史湘云;翠墨;4.0
尤氏;贾芹;4.0
晴雯;贾琏;4.0
林之孝;林黛玉;4.0
平儿;薛蟠;4.0
史太君;四儿;4.0
宝官;龄官;4.0
天文生;贾琏;4.0
王夫人;贾蓉之妻;4.0
琥珀;贾琏;4.0
秋桐;邢夫人;4.0
李贵;王一贴;4.0
李纹;王夫人;4.0
刘姥姥;刘氏;4.0
佳蕙;袭人;4.0
冷子兴;林黛玉;4.0
叶妈;贾探春;4.0
藕官;豆官;4.0
史太君;贾琮;4.0
喜鸾;贾宝玉;4.0
贾敬;邢夫人;4.0
傅秋芳;傅试;4.0
贾芹;贾菖;4.0
薛宝琴;贾环;4.0
丰儿;林黛玉;4.0
尤氏;芳官;4.0
晴雯;李嬷嬷;4.0
薛姨妈;贾芸;4.0
贾政;贾芹;4.0
薛宝钗;贾蓉;4.0
司棋;李纨;4.0
贾宝玉;赖尚荣;4.0
尤氏;贾菱;4.0
晴雯;绮霰;4.0
王子腾;薛蟠;4.0
傅秋芳;玉钏;4.0
李纨;板儿;4.0
入画;贾迎春;4.0
智能;贾惜春;4.0
丰儿;鸳鸯;4.0
彩云;薛姨妈;4.0
尤二姐;张华;4.0
佩凤;贾宝玉;4.0
周姨娘;李纨;4.0
薛宝琴;贾兰;4.0
乌进孝;贾蓉;4.0
李绮;薛宝钗;4.0
冯紫英;贾蓉;4.0
彩霞;金钏;4.0
薛宝钗;赖大;4.0
平儿;秦钟;4.0
云儿;薛宝钗;4.0
薛宝钗;薛蝌;4.0
紫鹃;香菱;4.0
贾蔷;贾赦;4.0
薛蝌;邢岫烟;4.0
王济仁;袭人;4.0
晴雯;藕官;4.0
文官;贾宝玉;4.0
史太君;柳五儿;4.0
冯紫英;蒋玉菡;4.0
叶妈;薛宝钗;4.0
蒋玉菡;薛姨妈;4.0
丰儿;贾宝玉;4.0
尤氏;素云;4.0
琥珀;贾迎春;4.0
入画;薛宝钗;4.0
玻璃;琥珀;4.0
昭容;贾赦;4.0
丰儿;薛姨妈;4.0
贾琮;贾赦;4.0
金文翔;鸳鸯;4.0
水溶;贾赦;4.0
紫鹃;鸳鸯;4.0
绮霰;贾宝玉;4.0
贾环;贾琮;4.0
赖大;鸳鸯;4.0
吴新登;王熙凤;4.0
薛宝钗;藕官;4.0
水溶;袭人;4.0
王善保家的;麝月;4.0
薛姨妈;贾元春;4.0
周姨娘;薛宝钗;4.0
宝珠;贾珍;4.0
贾宝玉;贾敬;4.0
芳官;莺儿;4.0
晴雯;秦可卿;4.0
秦钟;贾蔷;4.0
薛蟠;贾赦;4.0
贾宝玉;赖大的母亲;4.0
李纨;贾蓉之妻;4.0
王信;贾蓉;4.0
平儿;彩霞;4.0
贾宝玉;贾菖;4.0
李纹;邢夫人;4.0
林黛玉;玻璃;4.0
王子腾;贾政;4.0
彩云;琥珀;4.0
小舍儿;香菱;4.0
住儿;林黛玉;4.0
茗烟;贾珍;4.0
佩凤;贾珍;4.0
薛宝钗;贾芸;4.0
尤二姐;尤老娘;4.0
春燕;李纨;4.0
玉钏;贾环;4.0
住儿;贾探春;4.0
板儿;薛姨妈;4.0
贾宝玉;贾巧姐;4.0
喜鸾;王熙凤;4.0
傻大姐;邢夫人;4.0
王熙凤;胡君荣;4.0
贾元春;贾蓉;4.0
王熙凤;贾菱;4.0
王熙凤;贾菖;4.0
史湘云;麝月;4.0
李嬷嬷;王熙凤;4.0
李纨;金氏;4.0
夏金桂;贾宝玉;4.0
宋嬷嬷;晴雯;4.0
艾官;贾探春;4.0
司棋;袭人;4.0
贾琏;香菱;4.0
住儿;王熙凤;4.0
秋纹;贾芸;4.0
秦钟;薛蟠;4.0
秦业;贾珍;4.0
贾琏;贾琮;4.0
王熙凤;薛蝌;4.0
多官;贾宝玉;4.0
司棋;平儿;4.0
李纨;玉钏;4.0
尤氏;晴雯;4.0
夏婆子;赵姨娘;4.0
贾珍;鸳鸯;4.0
李纨;薛蝌;4.0
林如海;贾雨村;4.0
春燕;蕊官;4.0
夏守忠;贾政;4.0
小红;莺儿;4.0
贾芹;贾菱;4.0
宝珠;秦可卿;4.0
李绮;邢夫人;4.0
史太君;智能;4.0
张华;王信;4.0
尤氏;玻璃;4.0
叶妈;莺儿;4.0
尤二姐;柳湘莲;4.0
李绮;王夫人;4.0
彩云;贾惜春;4.0
秦可卿;香菱;4.0
袭人;雪雁;4.0
贾宝玉;钱启;4.0
周瑞;钱启;4.0
尤二姐;鸳鸯;4.0
晴雯;柳家的;4.0
夏金桂;小舍儿;4.0
来旺;贾元春;4.0
茗烟;贾菌;4.0
尤氏;贾菖;4.0
王子腾;薛姨妈;4.0
封肃;甄士隐;4.0
贾探春;赖大;4.0
史太君;贾芹;4.0
蝉姐;贾探春;4.0
入画;王夫人;4.0
王熙凤;茗烟;4.0
秦可卿;贾政;4.0
王夫人;薛蝌;4.0
贾元春;贾迎春;4.0
丰儿;刘姥姥;4.0
晴雯;柳五儿;4.0
莺儿;麝月;4.0
薛姨妈;雪雁;4.0
板儿;王夫人;4.0
尤老娘;贾蓉;4.0
香菱;麝月;4.0
王夫人;贾芸;4.0
四儿;柳五儿;4.0
林之孝家的;莲花儿;4.0
林黛玉;翠墨;4.0
林之孝家的;贾琏;4.0
彩云;彩霞;4.0
妙玉;李纨;4.0
史湘云;贾珍;4.0
王夫人;玻璃;4.0
平儿;秦可卿;4.0
尤氏;邢岫烟;4.0
王济仁;紫鹃;4.0
司棋;小红;4.0
贾宝玉;贾菱;4.0
史太君;鲍二家的;4.0
来旺;贾宝玉;4.0
昭容;贾元春;4.0
史湘云;金钏;4.0
王子腾;邢夫人;4.0
板儿;贾探春;4.0
史湘云;豆官;4.0
史太君;珍珠;4.0
史太君;金文翔;4.0
孙绍祖;王夫人;4.0
金钏;鸳鸯;4.0
王熙凤;贾雨村;4.0
李纨;翠墨;4.0
尤二姐;来旺;4.0
李纹;薛宝钗;4.0
净虚;智能;4.0
王善保家的;薛宝钗;4.0
葵官;薛宝琴;4.0
王子腾;贾雨村;4.0
林如海;贾宝玉;4.0
林之孝;莲花儿;4.0
尤氏;水溶;4.0
柳家的;袭人;4.0
柳家的;贾探春;4.0
贾蓉之妻;邢夫人;4.0
薛宝钗;雪雁;4.0
茗烟;贾琏;4.0
宝蟾;薛姨妈;4.0
林之孝家的;林黛玉;4.0
贾惜春;邢夫人;4.0
叶妈;平儿;4.0
平儿;玻璃;4.0
小舍儿;薛蟠;4.0
王熙凤;翠缕;4.0
来旺;王信;4.0
尤氏;薛蟠;4.0
喜鸾;四姐;4.0
春燕;林黛玉;4.0
玉钏;麝月;4.0
司棋;莺儿;4.0
薛宝琴;贾蓉;4.0
孙绍祖;邢夫人;4.0
薛宝琴;豆官;4.0
柳家的;钱槐;3.0
兴儿;尤三姐;3.0
蒋玉菡;金钏;3.0
云儿;史湘云;3.0
薛蟠;赖尚荣;3.0
喜鸾;鸳鸯;3.0
史湘云;彩云;3.0
佳蕙;贾芸;3.0
贾宝玉;靛儿;3.0
林之孝家的;赵姨娘;3.0
周瑞;尤二姐;3.0
平儿;篆儿;3.0
平儿;翠墨;3.0
周瑞;张材家的;3.0
周瑞家的;赖大的母亲;3.0
冯渊;薛宝钗;3.0
贾探春;麝月;3.0
张材家的;李纨;3.0
秦可卿;贾赦;3.0
秦钟;贾元春;3.0
贾琏;赵姨娘;3.0
文官;鸳鸯;3.0
宝珠;王熙凤;3.0
薛蟠;鸳鸯;3.0
秦可卿;贾瑞;3.0
林之孝;赵姨娘;3.0
葵官;藕官;3.0
水溶;王夫人;3.0
玻璃;贾政;3.0
入画;翠墨;3.0
周瑞;李贵;3.0
妙玉;袭人;3.0
彩云;贾迎春;3.0
倪二;贾宝玉;3.0
琥珀;麝月;3.0
王熙凤;素云;3.0
王熙凤;雪雁;3.0
庆儿;贾琏;3.0
四姐;王熙凤;3.0
霍启;香菱;3.0
彩云;贾政;3.0
史太君;绮霰;3.0
王熙凤;金彩;3.0
宋嬷嬷;袭人;3.0
林黛玉;蒋玉菡;3.0
尤三姐;薛蟠;3.0
茗玉;贾宝玉;3.0
琥珀;贾惜春;3.0
藕官;赵姨娘;3.0
周瑞;赖大的母亲;3.0
周瑞;待书;3.0
尤氏;薛蝌;3.0
周瑞家的;贾蓉;3.0
王熙凤;金文翔;3.0
秦钟;袭人;3.0
贾惜春;赵姨娘;3.0
周瑞;贾蓉;3.0
丰儿;贾探春;3.0
史太君;尤三姐;3.0
司棋;芳官;3.0
彩云;莺儿;3.0
贾琮;邢夫人;3.0
佩凤;平儿;3.0
薛宝琴;贾珍;3.0
贾宝玉;贾芹;3.0
王济仁;贾琏;3.0
平儿;紫鹃;3.0
宋嬷嬷;麝月;3.0
紫鹃;贾惜春;3.0
贾珍;贾琼;3.0
贾芸;贾赦;3.0
小红;王夫人;3.0
兴儿;林黛玉;3.0
刘姥姥;琥珀;3.0
史太君;柳湘莲;3.0
贾宝玉;顽石;3.0
秋纹;芳官;3.0
王熙凤;翠墨;3.0
翠墨;贾惜春;3.0
尤三姐;鸳鸯;3.0
邢夫人;金文翔;3.0
多官;晴雯;3.0
贾代儒;贾珍;3.0
天文生;王熙凤;3.0
臻儿;香菱;3.0
尤氏;赖大的母亲;3.0
佩凤;李纨;3.0
四儿;薛宝钗;3.0
入画;史太君;3.0
贾迎春;金钏;3.0
焦大;贾珍;3.0
林之孝家的;贾迎春;3.0
贾蓉;赖大;3.0
李纨;贾巧姐;3.0
史太君;梅翰林;3.0
贾琏;金文翔;3.0
王信;王熙凤;3.0
彩云;芳官;3.0
林之孝;贾蔷;3.0
庆儿;贾蓉;3.0
贾珍;贾萍;3.0
女先儿;贾蓉;3.0
司棋;紫鹃;3.0
史太君;贾菱;3.0
贾琮;贾菱;3.0
四儿;秋纹;3.0
史太君;贾菖;3.0
贾琮;贾菖;3.0
林黛玉;靛儿;3.0
莺儿;薛蟠;3.0
薛宝钗;靛儿;3.0
吴新登;贾宝玉;3.0
林之孝;鸳鸯;3.0
袭人;贾元春;3.0
贾元春;贾蔷;3.0
李纨;玻璃;3.0
坠儿;宋嬷嬷;3.0
刘姥姥;贾蓉;3.0
入画;晴雯;3.0
秦可卿;金氏;3.0
史太君;吴新登;3.0
王子腾;贾探春;3.0
梅翰林;贾宝玉;3.0
林黛玉;贾蓉之妻;3.0
入画;袭人;3.0
智能;贾珍;3.0
司棋;林之孝家的;3.0
李纨;李贵;3.0
贾探春;金钏;3.0
司棋;香菱;3.0
贾环;邢岫烟;3.0
贾菌;贾蔷;3.0
史太君;翡翠;3.0
来旺;赵姨娘;3.0
琥珀;香菱;3.0
文官;林黛玉;3.0
史太君;天文生;3.0
贾琏;贾雨村;3.0
薛蟠;贾探春;3.0
素云;鸳鸯;3.0
水溶;贾珍;3.0
秦可卿;贾蔷;3.0
妙玉;晴雯;3.0
妙玉;王夫人;3.0
玻璃;薛宝钗;3.0
妙玉;林之孝家的;3.0
兴儿;贾琏;3.0
贾珍;贾菌;3.0
小鹊;贾宝玉;3.0
蕊官;香菱;3.0
净虚;秦钟;3.0
平儿;王善保家的;3.0
史太君;张材家的;3.0
玻璃;贾蓉;3.0
周姨娘;贾探春;3.0
贾政;顽石;3.0
庆儿;张华;3.0
贾惜春;金钏;3.0
贾巧姐;香菱;3.0
葵官;蕊官;3.0
玉钏;莲花儿;3.0
周瑞家的;林之孝;3.0
净虚;贾宝玉;3.0
晴雯;邢岫烟;3.0
贾芷;贾蓉;3.0
庆儿;王熙凤;3.0
女先儿;薛姨妈;3.0
史太君;蕊官;3.0
玉钏;薛宝钗;3.0
尤氏;贾蔷;3.0
丰儿;贾琏;3.0
玉钏;紫鹃;3.0
紫鹃;翠墨;3.0
贾珍;贾瑞;3.0
王夫人;藕官;3.0
平儿;贾巧姐;3.0
贾惜春;贾琏;3.0
妙玉;邢岫烟;3.0
柳湘莲;王熙凤;3.0
紫鹃;贾迎春;3.0
豆官;赵姨娘;3.0
贾珍;香菱;3.0
贾兰;贾琮;3.0
王信;贾琏;3.0
晴雯;贾珍;3.0
冷子兴;贾宝玉;3.0
贾芸;贾菖;3.0
尤氏;贾琮;3.0
彩霞;玉钏;3.0
贾芸;贾菱;3.0
薛蟠;邢岫烟;3.0
紫鹃;贾赦;3.0
贾惜春;贾珍;3.0
史湘云;蕊官;3.0
喜鸾;尤氏;3.0
贾巧姐;贾探春;3.0
林之孝;贾迎春;3.0
秦可卿;贾蓉之妻;3.0
薛宝琴;麝月;3.0
张道士;林黛玉;3.0
甄士隐;霍启;3.0
贾芸;贾蓉;3.0
李纨;柳五儿;3.0
秦钟;金氏;3.0
宝蟾;小舍儿;3.0
寿儿;隆儿;3.0
孙绍祖;贾赦;3.0
史湘云;贾赦;3.0
贾赦;贾雨村;3.0
彩霞;李纨;3.0
李绮;贾惜春;3.0
王夫人;王济仁;3.0
刘姥姥;贾琏;3.0
待书;王善保家的;3.0
水溶;贾芸;3.0
贾琏;贾菖;3.0
茗烟;锄药;3.0
佳蕙;史太君;3.0
佩凤;王熙凤;3.0
小红;香菱;3.0
司棋;林之孝;3.0
小螺;邢岫烟;3.0
李纨;薛蟠;3.0
袭人;贾巧姐;3.0
李纹;贾惜春;3.0
小红;绮霰;3.0
史湘云;藕官;3.0
菂官;贾宝玉;3.0
周瑞;贾政;3.0
司棋;王善保家的;3.0
贾蓉;贾迎春;3.0
琥珀;袭人;3.0
秦可卿;金钏;3.0
史太君;娄氏;3.0
引泉;贾宝玉;3.0
司棋;柳家的;3.0
贾芸;鸳鸯;3.0
尤氏;来旺;3.0
丰儿;来旺;3.0
宝官;玉官;3.0
周瑞家的;鸳鸯;3.0
来旺;贾政;3.0
彩霞;袭人;3.0
史太君;贾蔷;3.0
佩凤;史太君;3.0
林黛玉;赖大;3.0
珍珠;袭人;3.0
司棋;莲花儿;3.0
金钏;麝月;3.0
李贵;赖大;3.0
秦可卿;薛蟠;3.0
金彩;金文翔;3.0
兴儿;尤氏;3.0
贾赦;赵姨娘;3.0
林黛玉;王嬷嬷;3.0
周瑞家的;张材家的;3.0
史湘云;贾元春;3.0
尤氏;贾珖;3.0
兴儿;鲍二家的;3.0
薛宝琴;薛蝌;3.0
贾政;赖大;3.0
贾芸;贾萍;3.0
柳五儿;麝月;3.0
周瑞;鸳鸯;3.0
玉钏;贾探春;3.0
佳蕙;晴雯;3.0
篆儿;贾宝玉;3.0
柳湘莲;鸳鸯;3.0
入画;林黛玉;3.0
王熙凤;金哥;3.0
周瑞家的;贾芸;3.0
史湘云;彩霞;3.0
多官;贾元春;3.0
妙玉;林之孝;3.0
周瑞;贾芸;3.0
王熙凤;贾巧姐;3.0
贾巧姐;贾惜春;3.0
柳五儿;玉钏;3.0
史太君;待书;3.0
贾政;麝月;3.0
王夫人;贾芹;3.0
贾琏;贾菱;3.0
胡君荣;邢夫人;3.0
史湘云;女先儿;3.0
贾兰;鸳鸯;3.0
袭人;贾雨村;3.0
尤氏;邢德全;3.0
板儿;贾宝玉;3.0
喜儿;寿儿;3.0
住儿;薛宝钗;3.0
平儿;赵嬷嬷;3.0
周瑞家的;待书;3.0
芳官;薛宝琴;3.0
王夫人;蕊官;3.0
刘姥姥;茗玉;3.0
史太君;柳家的;3.0
林黛玉;茜雪;3.0
女先儿;贾探春;3.0
贾芸;邢夫人;3.0
周瑞;林之孝;3.0
李纨;金钏;3.0
来旺;贾环;3.0
彩霞;贾元春;3.0
林之孝;贾蓉;3.0
蕊官;袭人;3.0
俞禄;尤氏;3.0
莺儿;赵姨娘;3.0
林黛玉;贾琮;3.0
香菱;鸳鸯;3.0
贾环;香菱;3.0
晴雯;贾惜春;3.0
夏婆子;蝉姐;3.0
傻大姐;王熙凤;3.0
夏婆子;贾探春;3.0
彩云;香菱;3.0
贾赦;金文翔;3.0
秋纹;薛宝钗;3.0
藕官;贾探春;3.0
赖大的母亲;邢夫人;3.0
尤氏;彩云;3.0
四儿;林黛玉;3.0
引泉;贾政;3.0
程日兴;贾宝玉;3.0
芳官;薛姨妈;3.0
素云;袭人;3.0
天文生;尤氏;3.0
尤二姐;林黛玉;3.0
司棋;贾惜春;3.0
李贵;钱启;3.0
史太君;蒋玉菡;3.0
琥珀;贾环;3.0
林之孝;邢夫人;3.0
彩霞;琥珀;3.0
文官;贾探春;3.0
林黛玉;水溶;3.0
芳官;贾迎春;3.0
平儿;赖大的母亲;3.0
善姐;尤二姐;3.0
芳官;菂官;3.0
晴雯;王济仁;3.0
彩霞;贾政;3.0
柳家的;王熙凤;3.0
水溶;薛宝钗;3.0
史太君;檀云;3.0
贾琮;贾芹;3.0
薛蟠;赖大;3.0
檀云;秋纹;3.0
入画;莺儿;3.0
山子野;贾政;3.0
秦可卿;邢夫人;3.0
史湘云;玉钏;3.0
丰儿;邢夫人;3.0
小螺;贾探春;3.0
庆儿;来旺;3.0
绮霰;贾芸;3.0
小红;贾惜春;3.0
周瑞家的;来旺;3.0
林之孝;贾赦;3.0
檀云;贾宝玉;3.0
金彩;鸳鸯;2.0
乌进孝;贾元春;2.0
史太君;邢德全;2.0
周瑞;莺儿;2.0
智能;王夫人;2.0
冷子兴;林如海;2.0
史太君;春燕;2.0
平儿;李绮;2.0
彩霞;贾惜春;2.0
倪二;卜世仁;2.0
秦业;贾蓉;2.0
住儿;贾宝玉;2.0
蕊官;薛宝琴;2.0
紫鹃;蕊官;2.0
王熙凤;绮霰;2.0
袭人;金文翔;2.0
贾赦;顽石;2.0
柳湘莲;贾赦;2.0
喜儿;王熙凤;2.0
王仁;薛宝琴;2.0
史太君;王嬷嬷;2.0
女先儿;薛宝琴;2.0
藕官;香菱;2.0
贾珩;贾菖;2.0
翠墨;翠缕;2.0
小红;文官;2.0
冯紫英;卫若兰;2.0
史太君;夏守忠;2.0
文杏;莺儿;2.0
贾蓉;邢德全;2.0
绣鸾;贾惜春;2.0
绣鸾;贾宝玉;2.0
贾璜;贾蓉;2.0
李绮;贾探春;2.0
云儿;袭人;2.0
菂官;藕官;2.0
史太君;贾芷;2.0
同喜;王夫人;2.0
同喜;莺儿;2.0
贾宝玉;贾萍;2.0
彩云;玻璃;2.0
傅秋芳;贾政;2.0
贾荇;贾蓉;2.0
尤氏;待书;2.0
丰儿;贾芸;2.0
贾琼;贾璘;2.0
晴雯;赖大的母亲;2.0
小红;贾迎春;2.0
李纨;柳家的;2.0
蝉姐;贾宝玉;2.0
兴儿;贾宝玉;2.0
入画;小红;2.0
小红;张材家的;2.0
詹光;贾宝玉;2.0
贾宝玉;赵亦华;2.0
王仁;邢夫人;2.0
林如海;贾政;2.0
李贵;赵亦华;2.0
单大良;史太君;2.0
尤二姐;庆儿;2.0
王荣;钱启;2.0
张若锦;王荣;2.0
王善保家的;紫鹃;2.0
李纨;赵国基;2.0
丰儿;薛宝钗;2.0
翠墨;艾官;2.0
史太君;彩屏;2.0
琥珀;贾赦;2.0
夏金桂;孙绍祖;2.0
绣鸾;贾探春;2.0
俞禄;贾赦;2.0
贾珍;贾璜;2.0
史湘云;娄氏;2.0
兴儿;隆儿;2.0
晴雯;贾元春;2.0
贾环;贾珠;2.0
周姨娘;平儿;2.0
林黛玉;秦可卿;2.0
贾萍;贾蓉;2.0
同喜;王熙凤;2.0
李纹;薛姨妈;2.0
贾菖;贾蔷;2.0
伴鹤;锄药;2.0
贾芹;贾菌;2.0
傻大姐;来旺;2.0
王夫人;贾菱;2.0
冷子兴;贾政;2.0
墨雨;锄药;2.0
史太君;夏金桂;2.0
平儿;莲花儿;2.0
李绮;薛蟠;2.0
素云;莺儿;2.0
李绮;薛蝌;2.0
彩云;贾琏;2.0
尤氏;尤老娘;2.0
玻璃;薛姨妈;2.0
李纨;翠缕;2.0
入画;智能;2.0
王子腾;贾芸;2.0
贾琛;贾琼;2.0
傅试;贾政;2.0
臻儿;莺儿;2.0
柳五儿;莲花儿;2.0
佩凤;邢夫人;2.0
贾巧姐;金钏;2.0
柳家的;莲花儿;2.0
史太君;周奶娘;2.0
李贵;王夫人;2.0
薛宝琴;贾赦;2.0
檀云;王夫人;2.0
柳湘莲;贾探春;2.0
吴新登;林之孝;2.0
李纨;良儿;2.0
智善;王熙凤;2.0
鸳鸯;鹦鹉;2.0
薛姨妈;贾芹;2.0
贾政;贾芸;2.0
史太君;嫣红;2.0
林黛玉;珍珠;2.0
贾代化;贾蓉;2.0
贾㻞;贾琼;2.0
良儿;贾宝玉;2.0
贾㻞;贾宝玉;2.0
吴新登;詹光;2.0
贾元春;鸳鸯;2.0
天文生;王夫人;2.0
贾琛;贾蔷;2.0
贾宝玉;贾琼;2.0
佩凤;林之孝;2.0
林之孝家的;薛宝琴;2.0
玻璃;贾珍;2.0
玉钏;邢岫烟;2.0
小螺;彩云;2.0
翠墨;金钏;2.0
林之孝;秦显家的;2.0
坠儿;芳官;2.0
同喜;薛宝钗;2.0
贾珍;鲍二家的;2.0
云光;王熙凤;2.0
春燕;贾探春;2.0
张若锦;钱启;2.0
昭容;邢夫人;2.0
素云;金钏;2.0
薛姨妈;贾蔷;2.0
贾琼;贾萍;2.0
司棋;绮霰;2.0
贾琛;贾璘;2.0
贾琏;贾菌;2.0
李绮;袭人;2.0
贾菱;邢夫人;2.0
史太君;昭容;2.0
余信;贾惜春;2.0
佩凤;王夫人;2.0
平儿;金文翔;2.0
王夫人;翠墨;2.0
赵国基;赵姨娘;2.0
吴新登;王夫人;2.0
臻儿;贾宝玉;2.0
林之孝;蝉姐;2.0
史太君;庆儿;2.0
李嬷嬷;王夫人;2.0
周姨娘;玉钏;2.0
贾珍;贾琛;2.0
柳五儿;蝉姐;2.0
张妈;王熙凤;2.0
王夫人;王成;2.0
彩云;林之孝;2.0
智通;藕官;2.0
多姑娘;贾宝玉;2.0
柳家的;麝月;2.0
隆儿;鲍二家的;2.0
水溶;贾探春;2.0
李嬷嬷;雪雁;2.0
小螺;晴雯;2.0
墨雨;贾菌;2.0
秦钟;香菱;2.0
贾敬;贾芷;2.0
张若锦;贾宝玉;2.0
芳官;贾珍;2.0
周氏;贾琏;2.0
同喜;薛姨妈;2.0
李纨;雪雁;2.0
王善保家的;贾迎春;2.0
尤三姐;尤氏;2.0
入画;贾巧姐;2.0
王仁;王熙凤;2.0
林之孝;邢岫烟;2.0
紫鹃;贾政;2.0
刘氏;王夫人;2.0
绮霰;麝月;2.0
柳家的;玻璃;2.0
翠缕;薛宝钗;2.0
丰儿;袭人;2.0
夏金桂;贾迎春;2.0
史太君;贾荇;2.0
柳家的;薛宝钗;2.0
入画;香菱;2.0
冷子兴;李纨;2.0
丰儿;素云;2.0
珍珠;雪雁;2.0
臻儿;薛姨妈;2.0
倪二;卫若兰;2.0
素云;香菱;2.0
妙玉;王熙凤;2.0
小螺;莺儿;2.0
贾菌;锄药;2.0
贾探春;贾珠;2.0
玉钏;琥珀;2.0
待书;李纨;2.0
玻璃;贾迎春;2.0
贾芸;麝月;2.0
春纤;林黛玉;2.0
贾代儒;贾宝玉;2.0
贾琏;隆儿;2.0
柳湘莲;王夫人;2.0
玻璃;袭人;2.0
玻璃;贾元春;2.0
娄氏;王夫人;2.0
贾菌;贾菖;2.0
尤氏;炒豆儿;2.0
待书;王夫人;2.0
贾菌;贾菱;2.0
王夫人;雪雁;2.0
尤氏;藕官;2.0
文官;葵官;2.0
贾珖;贾菖;2.0
周瑞;潘又安;2.0
史太君;王信;2.0
薛姨妈;赖大的母亲;2.0
炒豆儿;素云;2.0
晴雯;李绮;2.0
司棋;翠墨;2.0
史湘云;周奶娘;2.0
素云;邢夫人;2.0
贾珖;贾菱;2.0
媚人;贾宝玉;2.0
刘姥姥;张材家的;2.0
李纨;贾菱;2.0
史太君;同喜;2.0
傻大姐;平儿;2.0
彩屏;王夫人;2.0
李绮;薛姨妈;2.0
墨雨;贾宝玉;2.0
娄氏;贾蓉;2.0
薛宝琴;贾巧姐;2.0
翠墨;莺儿;2.0
司棋;潘又安;2.0
女先儿;林黛玉;2.0
女先儿;王夫人;2.0
周瑞家的;秦可卿;2.0
贾菱;贾蔷;2.0
刘姥姥;金钏;2.0
平儿;朱大娘;2.0
赵姨娘;金钏;2.0
贾珖;贾珩;2.0
周瑞;秦可卿;2.0
贾惜春;贾赦;2.0
林如海;贾琏;2.0
女先儿;平儿;2.0
净虚;贾珍;2.0
琥珀;贾兰;2.0
翠墨;贾巧姐;2.0
周瑞;王荣;2.0
史太君;贾雨村;2.0
周瑞家的;潘又安;2.0
素云;贾宝玉;2.0
春燕;香菱;2.0
傻大姐;王夫人;2.0
李绮;香菱;2.0
贾政;贾萍;2.0
林之孝;贾芹;2.0
紫鹃;邢夫人;2.0
平儿;鹦鹉;2.0
邢夫人;银蝶;2.0
贾代化;贾敬;2.0
袭人;赵国基;2.0
莺儿;金钏;2.0
来旺;林之孝;2.0
王夫人;贾荇;2.0
林之孝家的;邢岫烟;2.0
周瑞家的;莺儿;2.0
吴新登;袭人;2.0
贾珍;邢岫烟;2.0
晴雯;李纹;2.0
入画;平儿;2.0
入画;紫鹃;2.0
司棋;秦显家的;2.0
史湘云;周姨娘;2.0
李嬷嬷;贾政;2.0
贾芹;贾萍;2.0
李纨;贾蔷;2.0
薛宝钗;贾珠;2.0
玉钏;蝉姐;2.0
余信;智能;2.0
史太君;贾菌;2.0
尤氏;王善保家的;2.0
善姐;王熙凤;2.0
天文生;尤二姐;2.0
周奶娘;贾宝玉;2.0
秦钟;薛宝钗;2.0
司棋;玉钏;2.0
史湘云;贾蔷;2.0
周瑞;彩云;2.0
蕊官;贾环;2.0
智通;芳官;2.0
李纨;柳湘莲;2.0
贾珩;贾菱;2.0
周瑞家的;贾珍;2.0
王济仁;茗烟;2.0
佩凤;贾蓉之妻;2.0
尤老娘;贾敬;2.0
琥珀;贾珍;2.0
尤三姐;王熙凤;2.0
茜雪;麝月;2.0
紫鹃;麝月;2.0
抱琴;王夫人;2.0
贾元春;麝月;2.0
素云;麝月;2.0
单大良;贾宝玉;2.0
刘氏;王成;2.0
小红;林之孝;2.0
贾兰;贾惜春;2.0
春燕;莲花儿;2.0
史湘云;玻璃;2.0
贾元春;龄官;2.0
周瑞;张若锦;2.0
拐子;薛宝钗;2.0
余信;周瑞家的;2.0
史湘云;秋纹;2.0
藕官;麝月;2.0
贾珍;麝月;2.0
多姑娘;贾元春;2.0
周瑞家的;贾政;2.0
史太君;贾萍;2.0
贾琏;金钏;2.0
蕊官;贾探春;2.0
柳湘莲;茗烟;2.0
女先儿;袭人;2.0
琥珀;翠墨;2.0
翠缕;薛宝琴;2.0
单聘仁;贾宝玉;2.0
贾琼;贾芹;2.0
贾琼;贾芸;2.0
尤二姐;贾探春;2.0
李纨;水溶;2.0
平儿;贾政;2.0
柳家的;贾迎春;2.0
王荣;赵亦华;2.0
翠缕;贾探春;2.0
翠墨;麝月;2.0
琥珀;金钏;2.0
林黛玉;顽石;2.0
待书;芳官;2.0
贾赦;金彩;2.0
贾探春;贾蓉;2.0
贾代化;贾珍;2.0
智善;智能;2.0
彩霞;林之孝;2.0
林之孝家的;薛姨妈;2.0
王子腾;香菱;2.0
贾菖;贾赦;2.0
林黛玉;贾珠;2.0
林黛玉;素云;2.0
周奶娘;林黛玉;2.0
坠儿;李纨;2.0
程日兴;薛蟠;2.0
小螺;紫鹃;2.0
赖大的母亲;鸳鸯;2.0
薛宝钗;贾巧姐;2.0
周瑞;贾珍;2.0
史太君;宋嬷嬷;2.0
林之孝家的;邢夫人;2.0
单大良;林之孝;2.0
李贵;王熙凤;2.0
刘氏;王熙凤;2.0
李贵;王荣;2.0
史太君;朱大娘;2.0
文官;贾迎春;2.0
王熙凤;贾琮;2.0
史太君;抱琴;2.0
吴新登;赖大;2.0
尤氏;李贵;2.0
李纨;炒豆儿;2.0
贾宝玉;鹦鹉;2.0
珍珠;紫鹃;2.0
佳蕙;麝月;2.0
贾萍;贾赦;2.0
贾菱;贾赦;2.0
平儿;珍珠;2.0
平儿;贾雨村;2.0
丰儿;贾迎春;2.0
薛宝琴;贾琏;2.0
史太君;贾琼;2.0
林之孝家的;蝉姐;2.0
薛宝琴;贾琮;2.0
佩凤;周瑞家的;2.0
莺儿;贾惜春;2.0
朱大娘;鸳鸯;2.0
玉钏;香菱;2.0
佩凤;芳官;2.0
文杏;薛宝钗;2.0
袭人;金彩;2.0
莲花儿;贾迎春;2.0
文官;芳官;2.0
翠墨;鸳鸯;2.0
彩云;邢岫烟;2.0
李守中;林黛玉;2.0
妙玉;薛宝琴;2.0
尤氏;贾代儒;2.0
张若锦;赵亦华;2.0
平儿;茗烟;2.0
王熙凤;贾菌;2.0
艾官;藕官;2.0
林之孝;水溶;2.0
贾芸;贾菌;2.0
尤氏;贾琛;2.0
李纹;薛蝌;2.0
尤氏;贾琼;2.0
佩凤;周瑞;2.0
琥珀;莺儿;2.0
周氏;贾政;2.0
贾瑞;贾菌;2.0
晴雯;檀云;2.0
贾惜春;贾珠;2.0
莺儿;贾迎春;2.0
平儿;张材家的;2.0
住儿;司棋;2.0
林之孝;贾政;2.0
薛宝琴;赵姨娘;2.0
贾菱;贾蓉;2.0
昭容;王夫人;2.0
宋嬷嬷;秋纹;2.0
史湘云;史鼐;2.0
叶妈;李纨;2.0
贾兰;贾迎春;2.0
翠墨;香菱;2.0
艾官;贾宝玉;2.0
李纨;银蝶;2.0
贾琏;金彩;2.0
贾珍;贾璘;2.0
王夫人;绣凤;2.0
王嬷嬷;雪雁;2.0
贾政;香菱;2.0
林黛玉;王善保家的;2.0
柳五儿;赵姨娘;2.0
葵官;贾宝玉;2.0
余信;周瑞;2.0
山子野;贾赦;2.0
平儿;蝉姐;2.0
周瑞家的;彩云;2.0
周瑞;张妈;2.0
尤氏;贾芸;2.0
邢夫人;鲍二家的;2.0
珍珠;鸳鸯;2.0
玻璃;香菱;2.0
赵亦华;钱启;2.0
豆官;贾宝玉;2.0
李纨;鹦鹉;2.0
夏金桂;王夫人;2.0
尤老娘;王熙凤;2.0
林黛玉;贾巧姐;2.0
王熙凤;莲花儿;2.0
文官;香菱;2.0
尤二姐;贾迎春;2.0
冷子兴;史太君;2.0
平儿;贾芸;2.0
彩霞;林黛玉;2.0
翠墨;蝉姐;2.0
尤氏;庆儿;2.0
王夫人;赖大的母亲;2.0
佩凤;水溶;2.0
周奶娘;王夫人;2.0
王夫人;贾巧姐;2.0
宝官;袭人;2.0
柳五儿;钱槐;2.0
薛宝琴;藕官;2.0
彩云;贾巧姐;2.0
彩霞;邢夫人;2.0
史湘云;贾琮;2.0
蕊官;赵姨娘;2.0
秦可卿;贾代儒;2.0
智通;蕊官;2.0
琥珀;秋纹;2.0
史湘云;贾巧姐;2.0
贾珠;贾迎春;2.0
多姑娘;多官;2.0
薛宝钗;贾蓉之妻;2.0
尤氏;蕊官;2.0
佩凤;贾探春;2.0
娄氏;薛宝钗;2.0
薛姨妈;贾琮;2.0
李纹;香菱;2.0
喜鸾;李纨;2.0
薛蝌;贾迎春;2.0
王善保家的;贾惜春;2.0
丰儿;贾环;2.0
天文生;贾蓉;2.0
葵官;赵姨娘;2.0
秋纹;鸳鸯;2.0
琥珀;素云;2.0
王熙凤;鹦鹉;2.0
周瑞;鹦鹉;2.0
智善;贾宝玉;2.0
娄氏;李纨;2.0
李纨;王善保家的;2.0
贾蔷;赵嬷嬷;2.0
秦钟;贾菌;2.0
夏守忠;贾宝玉;2.0
小红;良儿;2.0
宝珠;贾宝玉;2.0
司棋;彩云;2.0
尤氏;贾璜;2.0
李守中;李纨;2.0
林黛玉;金文翔;2.0
薛姨妈;麝月;2.0
彩屏;贾宝玉;2.0
芳官;蝉姐;2.0
入画;史湘云;2.0
贾元春;贾雨村;2.0
平儿;贾珠;2.0
文杏;香菱;2.0
周瑞;麝月;2.0
贾珍;隆儿;2.0
张若锦;李贵;2.0
薛宝琴;贾蓉之妻;2.0
玉钏;薛宝琴;2.0
赵姨娘;香菱;2.0
夏婆子;艾官;2.0
史太君;金彩;2.0
玉钏;贾迎春;2.0
贾菌;贾赦;2.0
柳湘莲;赖大;2.0
贾琏;顽石;2.0
史湘云;素云;2.0
贾环;鸳鸯;2.0
庆儿;王信;2.0
贾迎春;雪雁;2.0
刘姥姥;茗烟;2.0
莺儿;鸳鸯;2.0
贾政;贾琮;2.0
板儿;贾琏;2.0
李纹;贾探春;2.0
炒豆儿;银蝶;2.0
水溶;翠墨;2.0
秦钟;贾政;2.0
文官;李纨;2.0
玉官;袭人;2.0
晴雯;薛蟠;2.0
尤氏;贾菌;2.0
周姨娘;贾惜春;2.0
智善;秦钟;2.0
王熙凤;贾璜;2.0
多姑娘;贾琏;2.0
薛宝琴;赖大;2.0
林之孝;王子腾;2.0
兴儿;袭人;2.0
梅翰林;薛宝琴;2.0
贾政;鸳鸯;2.0
林之孝家的;贾蔷;2.0
贾探春;赵国基;2.0
李纨;贾菖;2.0
四姐;鸳鸯;2.0
娄氏;贾菌;2.0
薛宝钗;贾琮;2.0
紫鹃;邢岫烟;2.0
林之孝;薛宝琴;2.0
潘又安;王熙凤;2.0
林之孝;柳家的;2.0
尤氏;贾珩;2.0
梅翰林;王熙凤;2.0
贾芹;邢夫人;2.0
佩凤;玻璃;2.0
贾兰;贾珠;2.0
王熙凤;翡翠;2.0
王夫人;贾琮;2.0
柳湘莲;贾蓉;2.0
贾环;马道婆;2.0
山子野;贾珍;2.0
贾政;贾菌;2.0
林黛玉;鹦鹉;2.0
小红;麝月;2.0
贾珍;贾芷;2.0
冷子兴;王熙凤;2.0
贾琮;贾芸;2.0
智通;王夫人;2.0
史湘云;司棋;2.0
贾雨村;金钏;2.0
史湘云;篆儿;2.0
俞禄;王熙凤;2.0
史湘云;贾菌;2.0
贾政;贾菱;2.0
住儿;薛宝琴;2.0
佩凤;贾蓉;2.0
檀云;袭人;2.0
喜儿;袭人;2.0
芳官;茗烟;2.0
王夫人;秋桐;2.0
贾敬;贾蔷;2.0
王夫人;贾芷;2.0
史湘云;贾蓉之妻;2.0
贾琏;麝月;2.0
豆官;贾探春;2.0
翠墨;贾迎春;2.0
莲花儿;蝉姐;2.0
善姐;尤氏;2.0
王成;王熙凤;2.0
茗烟;麝月;2.0
彩屏;王熙凤;2.0
张妈;贾迎春;2.0
小红;薛姨妈;2.0
尤三姐;茗烟;2.0
小螺;香菱;2.0
王熙凤;祝妈;2.0
王荣;贾宝玉;2.0
周氏;王熙凤;2.0
待书;薛宝钗;2.0
玻璃;鸳鸯;2.0
司棋;薛宝琴;2.0
山子野;贾琏;2.0
史太君;鹦鹉;2.0
袭人;贾珠;2.0
贾菖;贾蓉;2.0
小螺;平儿;2.0
彩霞;薛姨妈;2.0
史湘云;文官;2.0
李纹;薛蟠;2.0
葵官;贾探春;2.0
篆儿;袭人;2.0
贾璘;贾蔷;2.0
林黛玉;王济仁;2.0
娄氏;薛姨妈;2.0
薛姨妈;贾菖;2.0
尤氏;贾璘;2.0
素云;银蝶;2.0
薛姨妈;贾蓉之妻;2.0
程日兴;詹光;2.0
王熙凤;篆儿;2.0
俞禄;尤二姐;2.0
夏守忠;王夫人;2.0
史湘云;贾珠;2.0
朱大娘;贾琏;2.0
潘又安;王善保家的;2.0
贾兰;贾敬;2.0
林之孝家的;柳家的;2.0
邢岫烟;鸳鸯;2.0
娄氏;尤氏;2.0
贾芷;贾赦;2.0
丰儿;鹦鹉;2.0
王熙凤;秦业;2.0
贾珍;贾荇;2.0
周瑞家的;张妈;2.0
来旺;林黛玉;2.0
史太君;林如海;2.0
贾宝玉;贾珩;2.0
贾宝玉;贾珖;2.0
平儿;翠缕;2.0
薛姨妈;贾菱;2.0
王子腾;贾蓉;2.0
秦钟;邢夫人;2.0
林之孝家的;秦显家的;2.0
春燕;贾环;2.0
彩云;紫鹃;2.0
柳湘莲;赖尚荣;2.0
秦可卿;薛姨妈;2.0
史太君;秦业;2.0
贾政;贾敬;2.0
王熙凤;花自芳;2.0
周奶娘;薛宝钗;2.0
王子腾;袭人;2.0
尤三姐;薛姨妈;2.0
贾巧姐;贾迎春;2.0
刘姥姥;素云;2.0
文杏;臻儿;2.0
周瑞;赵亦华;2.0
喜鸾;贾探春;2.0
昭儿;贾宝玉;2.0
臻儿;薛宝钗;2.0
智能;秦业;2.0
刘姥姥;王成;2.0
素云;翠墨;2.0
贾蓉;鸳鸯;2.0
贾蔷;赖大;2.0
紫鹃;藕官;2.0
张材家的;贾宝玉;2.0
史太君;银蝶;2.0
文杏;薛姨妈;2.0
甄宝玉;贾宝玉;2.0
贾兰;贾蔷;2.0
住儿;史太君;2.0
贾巧姐;鸳鸯;2.0
贾元春;贾惜春;2.0
莺儿;薛宝琴;2.0
贾荇;贾赦;2.0
薛宝琴;薛蟠;2.0
贾琼;贾蔷;2.0
史湘云;小螺;2.0
周姨娘;贾迎春;2.0
贾敬;贾荇;2.0
周姨娘;袭人;2.0
贾芷;贾荇;2.0
周瑞家的;麝月;2.0
彩霞;贾探春;2.0
夏婆子;翠墨;2.0
甄士隐;贾瑞;2.0
晴雯;蕊官;2.0
戴权;贾蓉;2.0
素云;紫鹃;2.0
李纹;袭人;2.0
文官;袭人;2.0
引泉;顽石;2.0
王熙凤;蝉姐;2.0
周瑞;林之孝家的;2.0
伴鹤;贾宝玉;2.0
玉官;贾宝玉;2.0
夏守忠;贾元春;2.0
檀云;薛宝钗;2.0
周氏;贾芹;2.0
玉钏;贾赦;2.0
周瑞家的;鹦鹉;2.0
娄氏;林黛玉;2.0
周瑞家的;林之孝家的;2.0
娄氏;王熙凤;2.0
王夫人;贾菖;2.0
尤三姐;林黛玉;2.0
绮霰;袭人;2.0
尤氏;麝月;2.0
贾菌;贾蓉;2.0
待书;薛宝琴;2.0
妙玉;贾蔷;2.0
史太君;贾璜;2.0
琥珀;贾蓉;2.0
平儿;李纹;2.0
贾菖;邢夫人;2.0
四姐;薛宝琴;2.0
玻璃;麝月;2.0
墨雨;茗烟;2.0
贾芹;贾赦;2.0
尤三姐;贾蓉;2.0
邢夫人;金彩;2.0
贾巧姐;邢岫烟;2.0
史太君;葵官;2.0
贾探春;雪雁;2.0
贾政;贾菖;2.0
茜雪;薛宝钗;2.0
小红;贾巧姐;2.0
李贵;林黛玉;2.0
云儿;史太君;2.0
贾琏;贾蓉之妻;2.0
玉钏;贾政;2.0
娄氏;贾宝玉;2.0
贾探春;银蝶;2.0
尤氏;王信;2.0
小螺;贾惜春;2.0
冯紫英;王熙凤;2.0
媚人;秦可卿;2.0
紫鹃;金钏;2.0
秦可卿;薛宝钗;2.0
平儿;贾蔷;2.0
绣鸾;贾环;2.0
彩霞;薛宝钗;2.0
绮霰;贾探春;2.0
茗烟;贾蓉;2.0
佩凤;香菱;2.0
史太君;程日兴;2.0
司棋;邢夫人;2.0
林之孝;贾芸;2.0
丰儿;板儿;2.0
司棋;薛姨妈;2.0
单聘仁;詹光;2.0
女先儿;薛宝钗;2.0
四姐;贾宝玉;2.0
媚人;袭人;2.0
王夫人;珍珠;2.0
小螺;袭人;2.0
彩云;薛宝琴;2.0
艾官;蝉姐;2.0
平儿;金彩;2.0
嫣红;林黛玉;2.0
贾珍;贾珖;2.0
薛姨妈;贾巧姐;2.0
彩云;邢夫人;2.0
贾效;贾璘;1.0
王熙凤;蒋玉菡;1.0
傻大姐;周瑞;1.0
贾政;贾珩;1.0
贾巧姐;贾蔷;1.0
昭容;贾政;1.0
彩霞;贾雨村;1.0
贾珍;贾雨村;1.0
葵官;薛姨妈;1.0
贾琏;邢岫烟;1.0
篆儿;麝月;1.0
嫣红;来旺;1.0
秋桐;贾惜春;1.0
小鸠儿;藕官;1.0
王熙凤;马道婆;1.0
伴鹤;王荣;1.0
同贵;贾惜春;1.0
张华;贾赦;1.0
单聘仁;秦可卿;1.0
史太君;贾源;1.0
王济仁;琥珀;1.0
余信家的;周瑞;1.0
尤二姐;柳五儿;1.0
秦业;贾琼;1.0
同贵;鹦鹉;1.0
冯唐;四儿;1.0
戚建辉;裘良;1.0
入画;彩云;1.0
贾政;贾珖;1.0
尤二姐;薛蟠;1.0
喜儿;王夫人;1.0
小红;紫鹃;1.0
林之孝;贾萍;1.0
云儿;贾探春;1.0
史太君;扫花;1.0
贾代善;顽石;1.0
赖尚荣;香菱;1.0
贾芷;贾菖;1.0
文杏;李纨;1.0
俞禄;柳湘莲;1.0
小螺;翠缕;1.0
林黛玉;贾芹;1.0
单大良;林之孝家的;1.0
单聘仁;贾琏;1.0
邢岫烟;邢忠;1.0
周瑞;珍珠;1.0
贾珍;贾藻;1.0
贾芷;贾菱;1.0
贾㻞;贾珍;1.0
冯紫英;四儿;1.0
尤氏;紫鹃;1.0
云儿;鸳鸯;1.0
蕊官;麝月;1.0
山子野;程日兴;1.0
贾珍;顽石;1.0
入画;篆儿;1.0
贾敬;贾菱;1.0
史太君;多官;1.0
臻儿;贾惜春;1.0
周瑞家的;素云;1.0
司棋;邢岫烟;1.0
平儿;秦显家的;1.0
贾琏;鹦鹉;1.0
引泉;贾雨村;1.0
贾璘;贾藻;1.0
贾菌;邢夫人;1.0
贾宝玉;钱华;1.0
神瑛侍者;顽石;1.0
史太君;吴贵妃;1.0
春燕;贾琮;1.0
妙玉;香菱;1.0
薛宝琴;贾㻞;1.0
贾㻞;贾菱;1.0
贾琛;贾芝;1.0
丰儿;司棋;1.0
秦可卿;鸳鸯;1.0
板儿;贾蓉;1.0
吴贵妃;贾琏;1.0
李绮;秦可卿;1.0
同喜;雪雁;1.0
司棋;张妈;1.0
戴良;詹光;1.0
秦可卿;贾琛;1.0
薛宝钗;贾芹;1.0
秦可卿;贾琮;1.0
詹光;钱华;1.0
周瑞;王子腾;1.0
李绮;贾巧姐;1.0
史太君;智善;1.0
贾菱;贾萍;1.0
张华;王子腾;1.0
周瑞家的;水溶;1.0
侯孝康;卫若兰;1.0
林如海;王夫人;1.0
同贵;莺儿;1.0
女先儿;贾迎春;1.0
小螺;玉钏;1.0
侯孝康;马魁;1.0
尤二姐;贾元春;1.0
住儿;周瑞;1.0
紫鹃;贾巧姐;1.0
孙绍祖;贾政;1.0
兴儿;贾蓉之妻;1.0
史鼎;陈翼;1.0
翠墨;贾环;1.0
板儿;袭人;1.0
尤氏;豆官;1.0
侯孝康;冯紫英;1.0
贾代善;贾菌;1.0
茗烟;贾政;1.0
戴良;薛宝钗;1.0
柳五儿;王夫人;1.0
王夫人;祝妈;1.0
尤三姐;鲍二家的;1.0
封氏;香菱;1.0
尤氏;贾芬;1.0
李纹;贾巧姐;1.0
林之孝;金钏;1.0
贾珩;贾菌;1.0
尤氏;贾芳;1.0
艾官;葵官;1.0
待书;贾迎春;1.0
张妈;贾探春;1.0
贾珠;顽石;1.0
贾敬;贾蓉之妻;1.0
尤氏;贾芝;1.0
贾代善;贾政;1.0
周瑞家的;贾萍;1.0
四儿;平儿;1.0
贾芝;贾蔷;1.0
李纹;贾芸;1.0
宋嬷嬷;林黛玉;1.0
彩霞;贾迎春;1.0
林黛玉;茄官;1.0
秦业;贾元春;1.0
贾芬;贾菱;1.0
万儿;贾珍;1.0
翠缕;贾赦;1.0
王夫人;鹦鹉;1.0
抱琴;薛宝钗;1.0
冯紫英;贾赦;1.0
夏婆子;芳官;1.0
贾芬;贾菌;1.0
张材家的;来旺;1.0
王熙凤;赖二;1.0
贾宝玉;贾璘;1.0
李绮;贾蓉;1.0
侯孝康;裘良;1.0
周瑞家的;珍珠;1.0
卫若兰;陈瑞文;1.0
檀云;玻璃;1.0
贾环;贾菱;1.0
同喜;贾惜春;1.0
四姐;琥珀;1.0
李绮;贾兰;1.0
翡翠;贾琏;1.0
李纨;鲍二家的;1.0
赖大;金钏;1.0
秦业;贾璘;1.0
寿儿;贾琏;1.0
贾㻞;贾迎春;1.0
翠缕;麝月;1.0
贾代善;贾珍;1.0
小红;臻儿;1.0
贾㻞;贾蓁;1.0
翠墨;赖大;1.0
贾环;贾菖;1.0
贾代善;贾珠;1.0
彩屏;文杏;1.0
柳家的;赵姨娘;1.0
彩缤;王夫人;1.0
柳五儿;秋纹;1.0
贾环;钱槐;1.0
冯紫英;牛清;1.0
王信;鸳鸯;1.0
贾琼;贾璜;1.0
冷子兴;甄士隐;1.0
王夫人;篆儿;1.0
贾政;贾蘅;1.0
翠墨;鹦鹉;1.0
贾政;贾蓁;1.0
尤氏;葵官;1.0
史湘云;喜鸾;1.0
冷子兴;贾赦;1.0
贾敬;贾菖;1.0
李贵;袭人;1.0
葵官;薛宝钗;1.0
女先儿;张道士;1.0
贾环;赵国基;1.0
同贵;翠墨;1.0
史湘云;贾敬;1.0
彩屏;李纨;1.0
林黛玉;隆儿;1.0
林如海;贾元春;1.0
程日兴;贾赦;1.0
史太君;彩缤;1.0
袭人;贾蓉;1.0
李绮;贾菖;1.0
贾敦;贾璘;1.0
平儿;胡君荣;1.0
伴鹤;史太君;1.0
琥珀;银蝶;1.0
刘姥姥;贾元春;1.0
刘姥姥;香菱;1.0
四儿;贾赦;1.0
单大良;赖大;1.0
贾琼;贾蓁;1.0
邢夫人;香菱;1.0
贾效;贾珖;1.0
绣鸾;邢岫烟;1.0
梅翰林;薛姨妈;1.0
板儿;贾迎春;1.0
张若锦;茗烟;1.0
翠缕;茜雪;1.0
贾敕;贾赦;1.0
双寿;锄药;1.0
玉钏;秦可卿;1.0
云光;王夫人;1.0
琥珀;绮霰;1.0
薛蟠;贾代儒;1.0
贾宝玉;邢德全;1.0
小吉祥儿;紫鹃;1.0
臻儿;贾巧姐;1.0
贾荇;贾菱;1.0
佳蕙;茜雪;1.0
卫若兰;陈翼;1.0
史太君;良儿;1.0
单聘仁;钱华;1.0
住儿;芳官;1.0
薛蟠;詹光;1.0
宋嬷嬷;王夫人;1.0
李绮;王仁;1.0
单大娘;李纨;1.0
傻大姐;鸳鸯;1.0
四儿;贾珍;1.0
林之孝;紫鹃;1.0
彩缤;昭容;1.0
贾璘;贾萍;1.0
多姑娘;王熙凤;1.0
智通;贾迎春;1.0
尤氏;艾官;1.0
彩屏;贾菖;1.0
小霞;彩霞;1.0
贾琛;贾赦;1.0
四姐;贾惜春;1.0
伴鹤;茗烟;1.0
素云;薛姨妈;1.0
单大娘;平儿;1.0
拐子;智通;1.0
焦大;贾宝玉;1.0
丰儿;彩云;1.0
同喜;薛蟠;1.0
贾环;贾雨村;1.0
绣凤;贾赦;1.0
田妈;薛宝钗;1.0
李纹;贾兰;1.0
梅翰林;贾兰;1.0
同贵;琥珀;1.0
王夫人;银蝶;1.0
蒋子宁;马尚;1.0
彩屏;臻儿;1.0
彩屏;金钏;1.0
史太君;春纤;1.0
贾代善;贾琏;1.0
余信家的;周瑞家的;1.0
单大良;邢夫人;1.0
尤三姐;薛宝钗;1.0
贾璘;贾赦;1.0
程日兴;贾蓉;1.0
王熙凤;葵官;1.0
史湘云;薛蝌;1.0
晴雯;葵官;1.0
小鸠儿;袭人;1.0
柳芳;石光珠;1.0
篆儿;贾探春;1.0
司棋;柳五儿;1.0
柳家的;玉钏;1.0
四姐;尤氏;1.0
冷子兴;贾惜春;1.0
胡斯来;薛蟠;1.0
贾宝玉;银蝶;1.0
秦显家的;贾探春;1.0
来旺;麝月;1.0
小螺;薛姨妈;1.0
柳五儿;贾赦;1.0
贾政;贾琼;1.0
单聘仁;吴新登;1.0
尤氏;张道士;1.0
佩凤;林之孝家的;1.0
李纹;林之孝;1.0
邢夫人;金钏;1.0
水溶;薛蟠;1.0
张妈;李纨;1.0
李纨;篆儿;1.0
冯紫英;谢鲸;1.0
李纨;林如海;1.0
篆儿;绣鸾;1.0
秦业;胡老爷;1.0
晴雯;素云;1.0
林黛玉;薛蝌;1.0
彩云;雪雁;1.0
王熙凤;靛儿;1.0
贾珠;贾琏;1.0
文杏;紫鹃;1.0
史太君;拐子;1.0
扫花;绮霰;1.0
贾蓉之妻;邢岫烟;1.0
文杏;贾迎春;1.0
王夫人;贾菌;1.0
来喜家的;贾宝玉;1.0
贾珍;赖二;1.0
冯紫英;陈瑞文;1.0
玻璃;贾环;1.0
夏奶奶;晴雯;1.0
王夫人;马道婆;1.0
宝珠;藕官;1.0
入画;贾珍;1.0
赵姨娘;麝月;1.0
玉钏;邢夫人;1.0
林黛玉;金彩;1.0
贾珖;贾琛;1.0
坠儿;贾琏;1.0
净虚;贾蓉;1.0
珍珠;香菱;1.0
住儿;刘姥姥;1.0
贾珖;贾琮;1.0
尤氏;贾㻞;1.0
贾萍;邢夫人;1.0
翠墨;贾政;1.0
贾效;贾蓁;1.0
贾环;麝月;1.0
贾珖;贾琼;1.0
贾政;贾敷;1.0
秦可卿;贾萍;1.0
彩霞;素云;1.0
秦可卿;贾菱;1.0
柳芳;牛继宗;1.0
牛继宗;裘良;1.0
玉钏;茜雪;1.0
待书;鸳鸯;1.0
茜雪;贾惜春;1.0
嫣红;王熙凤;1.0
贾琏;贾萍;1.0
珍珠;鹦鹉;1.0
尤氏;李绮;1.0
史鼎;谢鲸;1.0
傻大姐;贾迎春;1.0
雪雁;鸳鸯;1.0
琥珀;茜雪;1.0
平儿;茜雪;1.0
喜儿;薛宝钗;1.0
紫鹃;贾芸;1.0
柳彪;石光珠;1.0
丰儿;入画;1.0
程日兴;贾惜春;1.0
小红;来旺;1.0
秦钟;贾敬;1.0
王仁;薛蟠;1.0
抱琴;贾惜春;1.0
焦大;赖大;1.0
史鼎;戚建辉;1.0
贾政;贾芝;1.0
文官;玉官;1.0
来旺;贾赦;1.0
墨雨;秦钟;1.0
冷子兴;贾探春;1.0
梅翰林;鸳鸯;1.0
周瑞;来喜家的;1.0
周太监;贾琏;1.0
琥珀;鹦鹉;1.0
史湘云;贾菱;1.0
贾政;贾芳;1.0
度恨菩提;贾宝玉;1.0
琥珀;贾蓉之妻;1.0
小霞;王夫人;1.0
云光;贾雨村;1.0
翠缕;贾巧姐;1.0
史湘云;贾㻞;1.0
史鼎;柳芳;1.0
来旺;鸳鸯;1.0
雪雁;香菱;1.0
丰儿;文杏;1.0
贾政;贾芬;1.0
袭人;贾蔷;1.0
贾芳;贾菖;1.0
贾㻞;贾琮;1.0
王熙凤;程日兴;1.0
喜鸾;林黛玉;1.0
妙玉;彩云;1.0
卫若兰;四儿;1.0
林黛玉;鲍太医;1.0
戚建辉;谢鲸;1.0
柳芳;裘良;1.0
平儿;柳湘莲;1.0
周姨娘;麝月;1.0
坠儿;香菱;1.0
史湘云;茜雪;1.0
玉官;龄官;1.0
贾蓁;贾蘅;1.0
冯紫英;邢夫人;1.0
陈翼;马尚;1.0
薛宝琴;贾菌;1.0
芳官;邢夫人;1.0
贾㻞;贾琛;1.0
贾敷;贾赦;1.0
宝官;文官;1.0
四姐;贾赦;1.0
史湘云;贾琼;1.0
周瑞;贾萍;1.0
尤氏;贾藻;1.0
宝珠;春燕;1.0
侯孝康;史鼎;1.0
文杏;贾惜春;1.0
香菱;鹦鹉;1.0
李纨;王信;1.0
贾宝玉;贾芷;1.0
单聘仁;戴良;1.0
史湘云;贾代化;1.0
李嬷嬷;王济仁;1.0
冯紫英;柳芳;1.0
尤老娘;邢夫人;1.0
同贵;平儿;1.0
李纨;翡翠;1.0
彩屏;翠墨;1.0
李纨;秋桐;1.0
平儿;臻儿;1.0
林黛玉;贾㻞;1.0
小鹊;赵姨娘;1.0
李纹;贾琏;1.0
林黛玉;银蝶;1.0
贾宝玉;金彩;1.0
晴雯;茗烟;1.0
莲花儿;贾探春;1.0
李绮;贾蓉之妻;1.0
薛宝琴;贾芹;1.0
秦可卿;贾兰;1.0
翠缕;鸳鸯;1.0
丰儿;王善保家的;1.0
绮霰;莺儿;1.0
贾兰;贾萍;1.0
贾效;贾蔷;1.0
多官;赖大;1.0
单大良;紫鹃;1.0
瑞珠;秦可卿;1.0
贾蔷;贾蘅;1.0
警幻仙子;贾瑞;1.0
入画;贾环;1.0
王君效;贾蓉;1.0
宝官;贾元春;1.0
玉钏;秋纹;1.0
贾宝玉;贾琛;1.0
同贵;贾探春;1.0
袭人;贾瑞;1.0
住儿;贾琏;1.0
柳彪;陈翼;1.0
林之孝家的;香菱;1.0
卜世仁;周瑞家的;1.0
素云;鹦鹉;1.0
同喜;贾巧姐;1.0
嫣红;贾宝玉;1.0
秦钟;贾雨村;1.0
待书;柳五儿;1.0
珍珠;莺儿;1.0
臻儿;贾探春;1.0
丰儿;莺儿;1.0
林如海;王子腾;1.0
入画;彩屏;1.0
入画;春纤;1.0
李纨;梅翰林;1.0
彩屏;贾珍;1.0
倪二;王熙凤;1.0
贾瑞;锄药;1.0
冯渊;林黛玉;1.0
贾代化;贾宝玉;1.0
翠缕;邢夫人;1.0
珍珠;翡翠;1.0
赖大;钱启;1.0
宋嬷嬷;贾琏;1.0
倪二;水溶;1.0
篆儿;贾巧姐;1.0
晴雯;来喜家的;1.0
秦可卿;贾琼;1.0
入画;琥珀;1.0
贾蓉;香菱;1.0
袭人;赖大;1.0
史太君;靛儿;1.0
吴新登;赵姨娘;1.0
史太君;鲍太医;1.0
贾珖;贾蓁;1.0
吴天佑;贾政;1.0
裘良;谢鲸;1.0
文官;板儿;1.0
净虚;秦业;1.0
刘氏;青儿;1.0
林之孝家的;秦可卿;1.0
引愁金女;玻璃;1.0
喜儿;鲍二家的;1.0
李纹;麝月;1.0
拐子;贾赦;1.0
四儿;王善保家的;1.0
来旺;贾瑞;1.0
贾萍;贾蓁;1.0
单聘仁;程日兴;1.0
素云;贾迎春;1.0
贾芝;贾萍;1.0
柳家的;秦显家的;1.0
傻大姐;林黛玉;1.0
彩霞;贾赦;1.0
春纤;紫鹃;1.0
史太君;史鼐;1.0
冯紫英;史鼎;1.0
张道士;王夫人;1.0
贾蓁;贾蔷;1.0
柳彪;牛清;1.0
丰儿;同喜;1.0
莺儿;雪雁;1.0
丰儿;金文翔;1.0
贾宝玉;贾芝;1.0
秦可卿;贾㻞;1.0
小红;鸳鸯;1.0
喜鸾;赖大;1.0
彩缤;贾赦;1.0
四姐;赖大;1.0
林之孝;詹光;1.0
贾宝玉;贾芳;1.0
夏奶奶;贾宝玉;1.0
戚建辉;蒋子宁;1.0
茄官;薛宝琴;1.0
贾蓉之妻;银蝶;1.0
石光珠;马魁;1.0
茜雪;贾赦;1.0
贾宝玉;金文翔;1.0
茗烟;薛蟠;1.0
尤氏;贾敕;1.0
贾宝玉;贾芬;1.0
柳彪;柳芳;1.0
林之孝家的;贾巧姐;1.0
彩屏;邢夫人;1.0
秦可卿;詹光;1.0
同喜;彩云;1.0
戚建辉;牛清;1.0
彩屏;贾蓉;1.0
彩屏;贾荇;1.0
丰儿;紫鹃;1.0
詹光;贾赦;1.0
李纹;贾菖;1.0
马尚;马魁;1.0
贾源;贾珍;1.0
贾琼;贾赦;1.0
贾芬;贾蔷;1.0
贾惜春;雪雁;1.0
李纹;贾蓉之妻;1.0
莺儿;顽石;1.0
平儿;良儿;1.0
妙玉;贾巧姐;1.0
司棋;待书;1.0
贾㻞;贾惜春;1.0
贾代儒;贾芸;1.0
贾代儒;贾芹;1.0
春燕;赵姨娘;1.0
贾代儒;贾芳;1.0
同喜;周瑞;1.0
司棋;素云;1.0
贾代儒;贾芬;1.0
昭容;薛宝钗;1.0
薛宝琴;贾芷;1.0
王济仁;贾芸;1.0
小霞;贾政;1.0
贾芸;锄药;1.0
王熙凤;胡老爷;1.0
贾代儒;贾芝;1.0
林之孝家的;贾菌;1.0
李绮;贾菱;1.0
彩屏;贾迎春;1.0
贾珖;贾蓉;1.0
玻璃;秋纹;1.0
周瑞家的;春纤;1.0
佳蕙;周姨娘;1.0
双寿;双瑞;1.0
水溶;邢夫人;1.0
林之孝家的;贾菖;1.0
俞禄;平儿;1.0
芳官;贾惜春;1.0
贾菖;贾藻;1.0
贾代儒;贾琼;1.0
薛姨妈;顽石;1.0
万儿;林黛玉;1.0
晴雯;琥珀;1.0
贾代儒;贾琛;1.0
柳彪;陈瑞文;1.0
智能;胡老爷;1.0
玻璃;贾蓉之妻;1.0
智能;贾蓉;1.0
伴鹤;引泉;1.0
刘姥姥;玉钏;1.0
同喜;香菱;1.0
琥珀;贾菱;1.0
小鹊;袭人;1.0
晴雯;雪雁;1.0
方椿;王熙凤;1.0
丰儿;贾赦;1.0
贾珍;贾蓁;1.0
佩凤;文花;1.0
薛蝌;邢忠;1.0
春纤;贾宝玉;1.0
薛宝钗;豆官;1.0
薛蟠;金钏;1.0
林之孝;王信;1.0
贾敬;贾芹;1.0
贾琼;贾菖;1.0
坠儿;贾迎春;1.0
玉官;贾蔷;1.0
贾菌;贾蓉之妻;1.0
祝妈;袭人;1.0
小螺;鸳鸯;1.0
贾㻞;贾探春;1.0
彩云;珍珠;1.0
尤氏;贾芷;1.0
秦钟;胡老爷;1.0
贾珖;贾璘;1.0
入画;邢岫烟;1.0
墨雨;贾兰;1.0
王夫人;翠云;1.0
贾琛;贾藻;1.0
芳官;贾兰;1.0
贾琼;贾菌;1.0
贾珍;赖大的母亲;1.0
周瑞家的;翠墨;1.0
贾琼;贾菱;1.0
万儿;茗烟;1.0
平儿;绣鸾;1.0
李纨;臻儿;1.0
玉钏;贾琏;1.0
李嬷嬷;王嬷嬷;1.0
祝妈;雪雁;1.0
小鹊;晴雯;1.0
贾政;贾藻;1.0
素云;贾巧姐;1.0
入画;绣鸾;1.0
住儿;柳家的;1.0
谢鲸;陈瑞文;1.0
林之孝家的;贾菱;1.0
贾珩;贾蔷;1.0
祝妈;茗烟;1.0
智通;邢夫人;1.0
茗烟;鲍二家的;1.0
茗烟;赵亦华;1.0
周姨娘;彩云;1.0
冯紫英;柳彪;1.0
贾芬;贾赦;1.0
彩云;彩屏;1.0
牛清;石光珠;1.0
贾蓉;银蝶;1.0
绣鸾;贾政;1.0
周瑞家的;紫鹃;1.0
小螺;翠墨;1.0
贾㻞;贾蔷;1.0
四儿;妙玉;1.0
贾探春;贾琼;1.0
平儿;锄药;1.0
俞禄;李纨;1.0
贾敦;贾琛;1.0
詹光;贾琏;1.0
秦可卿;赖大;1.0
侯孝康;牛继宗;1.0
翠墨;邢夫人;1.0
金彩;麝月;1.0
彩屏;雪雁;1.0
贾敦;贾琼;1.0
莺儿;邢岫烟;1.0
扫花;贾芸;1.0
绣鸾;贾迎春;1.0
兴儿;贾迎春;1.0
林之孝家的;贾赦;1.0
贾琮;贾萍;1.0
贾敦;贾琮;1.0
云儿;妙玉;1.0
冷子兴;贾珠;1.0
秋纹;邢夫人;1.0
贾珩;贾芝;1.0
水溶;秋纹;1.0
蒋子宁;马魁;1.0
贾芹;贾荇;1.0
墨雨;袭人;1.0
山子野;林之孝;1.0
李绮;贾环;1.0
玻璃;痴梦仙姑;1.0
秦业;贾敬;1.0
贾珩;贾芳;1.0
晴雯;篆儿;1.0
史太君;引泉;1.0
贾珩;贾芹;1.0
贾珩;贾芸;1.0
单聘仁;卜固修;1.0
雪雁;鹦鹉;1.0
平儿;贾萍;1.0
贾㻞;贾璘;1.0
冯唐;贾宝玉;1.0
同贵;周瑞;1.0
贾代化;贾赦;1.0
薛宝钗;贾菱;1.0
春纤;臻儿;1.0
王子腾;赖大;1.0
史湘云;贾芸;1.0
丰儿;薛蟠;1.0
王夫人;花自芳;1.0
昭容;绣凤;1.0
云光;贾琏;1.0
丰儿;春纤;1.0
贾芹;贾蓁;1.0
彩屏;鹦鹉;1.0
王夫人;贾代儒;1.0
薛蝌;袭人;1.0
贾芳;贾赦;1.0
四儿;薛蟠;1.0
夏金桂;贾政;1.0
柳芳;谢鲸;1.0
单大良;王夫人;1.0
牛继宗;马尚;1.0
秦业;赵嬷嬷;1.0
薛宝钗;贾菌;1.0
春纤;鹦鹉;1.0
素云;贾赦;1.0
尤三姐;李纨;1.0
贾敦;贾蓁;1.0
林黛玉;绛珠仙子;1.0
贾琛;贾蘅;1.0
周瑞家的;王子腾;1.0
薛宝钗;龄官;1.0
卜世仁;史太君;1.0
张道士;王一贴;1.0
侯孝康;陈翼;1.0
薛宝钗;贾琼;1.0
张道士;贾元春;1.0
琥珀;贾政;1.0
小红;彩云;1.0
周太监;王熙凤;1.0
文杏;春纤;1.0
四儿;贾探春;1.0
王夫人;豆官;1.0
林黛玉;豆官;1.0
水溶;玉钏;1.0
贾探春;贾菖;1.0
司棋;同贵;1.0
秋纹;金钏;1.0
文杏;琥珀;1.0
贾赦;赖大的母亲;1.0
史湘云;蒋玉菡;1.0
冯紫英;戚建辉;1.0
李守中;李绮;1.0
牛继宗;陈瑞文;1.0
尤氏;彩屏;1.0
贾源;贾蓉;1.0
贾菖;邢岫烟;1.0
贾敕;贾芝;1.0
李纹;琥珀;1.0
周姨娘;香菱;1.0
陈翼;马魁;1.0
贾敬;贾琮;1.0
贾敕;贾芬;1.0
彩霞;绣鸾;1.0
抱琴;邢夫人;1.0
贾敕;贾芳;1.0
贾敕;贾芸;1.0
贾敬;贾琼;1.0
李绮;贾珠;1.0
彩云;翡翠;1.0
冯唐;薛蟠;1.0
四姐;贾探春;1.0
俞禄;兴儿;1.0
夏奶奶;香菱;1.0
四姐;薛姨妈;1.0
贾代儒;贾琮;1.0
丰儿;臻儿;1.0
彩缤;贾元春;1.0
卫若兰;史鼎;1.0
秦业;贾蔷;1.0
玉钏;贾巧姐;1.0
卫若兰;马尚;1.0
同贵;鸳鸯;1.0
娄氏;贾芹;1.0
张妈;王善保家的;1.0
田妈;莺儿;1.0
度恨菩提;玻璃;1.0
李嬷嬷;莺儿;1.0
林黛玉;贾敬;1.0
拐子;林黛玉;1.0
王熙凤;蕊官;1.0
柳家的;王夫人;1.0
紫鹃;赵姨娘;1.0
贾代儒;贾菖;1.0
四姐;贾琼;1.0
喜儿;贾珍;1.0
度恨菩提;痴梦仙姑;1.0
贾效;贾敕;1.0
文花;贾珍;1.0
同喜;紫鹃;1.0
薛宝钗;赖尚荣;1.0
卫若兰;石光珠;1.0
绛珠仙子;顽石;1.0
拐子;芳官;1.0
贾芸;贾蘅;1.0
贾芝;贾菌;1.0
蕊官;薛姨妈;1.0
秋纹;贾探春;1.0
秦可卿;麝月;1.0
珍珠;贾探春;1.0
翡翠;鸳鸯;1.0
尤氏;王济仁;1.0
祝妈;贾探春;1.0
贾效;贾敦;1.0
周瑞家的;贾巧姐;1.0
贾菌;贾蘅;1.0
琥珀;翠缕;1.0
贾敕;贾菱;1.0
喜儿;秋纹;1.0
石光珠;陈翼;1.0
吴天佑;贾珍;1.0
周瑞;水溶;1.0
山子野;顽石;1.0
贾蔷;金钏;1.0
王夫人;贾萍;1.0
贾璘;贾蓁;1.0
王熙凤;贾代化;1.0
同喜;李纨;1.0
尤二姐;袭人;1.0
善姐;李纨;1.0
吴新登;钱华;1.0
贾代化;贾菌;1.0
扫花;锄药;1.0
卫若兰;谢鲸;1.0
喜儿;金钏;1.0
王济仁;芳官;1.0
来喜家的;王夫人;1.0
牛清;牛继宗;1.0
入画;同喜;1.0
李绮;贾珍;1.0
冷子兴;王夫人;1.0
李纨;贾珩;1.0
小鸠儿;晴雯;1.0
彩霞;翡翠;1.0
贾菱;贾迎春;1.0
拐子;蕊官;1.0
贾琮;贾菌;1.0
彩屏;鸳鸯;1.0
李绮;贾芸;1.0
李纨;贾珖;1.0
王仁;薛蝌;1.0
史太君;赵嬷嬷;1.0
贾元春;贾芹;1.0
尤氏;邢忠;1.0
吴新登;秦可卿;1.0
王熙凤;贾芷;1.0
杏奴;薛蟠;1.0
娄氏;林之孝家的;1.0
李绮;梅翰林;1.0
贾效;贾蘅;1.0
贾蓉;赵嬷嬷;1.0
贾琮;贾迎春;1.0
尤老娘;贾宝玉;1.0
史鼎;贾政;1.0
贾琏;贾璜;1.0
小红;彩屏;1.0
贾芝;贾菱;1.0
拐子;贾探春;1.0
晴雯;良儿;1.0
丰儿;贾萍;1.0
吴天佑;赵嬷嬷;1.0
贾珖;贾赦;1.0
妙玉;平儿;1.0
戴良;贾宝玉;1.0
薛宝钗;鹦鹉;1.0
林黛玉;贾菱;1.0
周瑞家的;茜雪;1.0
绣凤;赵姨娘;1.0
林黛玉;贾源;1.0
绣凤;贾元春;1.0
来旺;鲍二家的;1.0
吴新登;贾政;1.0
小红;素云;1.0
李绮;鸳鸯;1.0
玉钏;赖大;1.0
贾芬;贾藻;1.0
方椿;贾芸;1.0
丰儿;香菱;1.0
女先儿;贾惜春;1.0
贾兰;贾芝;1.0
史鼎;邢夫人;1.0
林黛玉;贾菖;1.0
贾代儒;贾璘;1.0
司棋;文官;1.0
云儿;薛宝琴;1.0
林之孝家的;贾兰;1.0
贾兰;贾芬;1.0
贾兰;贾芳;1.0
水溶;贾琏;1.0
贾兰;贾芸;1.0
贾兰;贾芹;1.0
史湘云;绣鸾;1.0
林黛玉;贾菌;1.0
贾代善;贾宝玉;1.0
净虚;胡老爷;1.0
秦可卿;贾迎春;1.0
卫若兰;牛清;1.0
智能;李纨;1.0
周姨娘;紫鹃;1.0
丰儿;贾蓉;1.0
玉官;贾元春;1.0
贾㻞;贾珩;1.0
彩屏;紫鹃;1.0
琥珀;贾巧姐;1.0
贾荇;邢夫人;1.0
贾蔷;顽石;1.0
贾㻞;贾珖;1.0
张华;鸳鸯;1.0
秦钟;贾璘;1.0
薛蟠;贾萍;1.0
史湘云;李嬷嬷;1.0
秦钟;贾璜;1.0
贾代化;贾敷;1.0
贾蓉之妻;贾赦;1.0
绣鸾;袭人;1.0
贾惜春;鹦鹉;1.0
春纤;贾巧姐;1.0
单聘仁;薛宝钗;1.0
贾敦;贾珩;1.0
戚建辉;牛继宗;1.0
贾芸;贾迎春;1.0
张妈;贾惜春;1.0
胡斯来;詹光;1.0
胡氏;贾宝玉;1.0
银蝶;鸳鸯;1.0
贾敦;贾萍;1.0
余信家的;智能;1.0
赵姨娘;雪雁;1.0
兴儿;茗烟;1.0
同喜;鸳鸯;1.0
林之孝;香菱;1.0
周瑞;贾巧姐;1.0
周瑞;贾雨村;1.0
四姐;玻璃;1.0
玻璃;贾源;1.0
住儿;贾元春;1.0
周瑞;琥珀;1.0
李纹;贾蓉;1.0
史太君;尤老娘;1.0
贾㻞;贾菖;1.0
戴良;秦可卿;1.0
贾㻞;贾菌;1.0
平儿;翠云;1.0
贾敕;贾菌;1.0
茗烟;隆儿;1.0
琥珀;贾菖;1.0
薛蝌;麝月;1.0
同喜;贾探春;1.0
贾菱;贾藻;1.0
史太君;茗玉;1.0
贾效;贾珍;1.0
水溶;绮霰;1.0
贾菱;贾蓉之妻;1.0
善姐;贾元春;1.0
贾政;贾璘;1.0
尤氏;秋桐;1.0
司棋;贾巧姐;1.0
贾蔷;邢岫烟;1.0
贾效;贾珩;1.0
贾代化;贾蔷;1.0
贾元春;贾蓉之妻;1.0
吴贵妃;林黛玉;1.0
妙玉;紫鹃;1.0
王熙凤;贾荇;1.0
程日兴;赖大;1.0
尤氏;文花;1.0
坠儿;柳五儿;1.0
彩屏;薛宝钗;1.0
度恨菩提;引愁金女;1.0
史太君;翠云;1.0
彩霞;赖大;1.0
贾珩;贾赦;1.0
贾芳;贾菱;1.0
史太君;喜儿;1.0
李纹;梅翰林;1.0
贾琮;贾璜;1.0
贾迎春;赖大;1.0
袭人;赖大的母亲;1.0
渺渺真人;茫茫大士;1.0
妙玉;金钏;1.0
林黛玉;祝妈;1.0
卜世仁;周瑞;1.0
司棋;坠儿;1.0
来旺;珍珠;1.0
平儿;贾蓉之妻;1.0
贾芳;贾菌;1.0
王君效;贾琏;1.0
林黛玉;篆儿;1.0
林黛玉;臻儿;1.0
兴儿;邢夫人;1.0
史鼎;柳彪;1.0
王仁;王夫人;1.0
水溶;薛姨妈;1.0
佩凤;嫣红;1.0
山子野;詹光;1.0
佩凤;来旺;1.0
喜鸾;贾赦;1.0
李贵;麝月;1.0
莺儿;鹦鹉;1.0
甄士隐;甄宝玉;1.0
贾蔷;鸳鸯;1.0
林黛玉;甄士隐;1.0
尤氏;贾萍;1.0
林黛玉;鲍二家的;1.0
薛宝琴;贾芸;1.0
柳芳;马魁;1.0
同贵;香菱;1.0
贾珍;贾蘅;1.0
彩屏;春纤;1.0
贾㻞;贾敦;1.0
周瑞;小红;1.0
佳蕙;薛宝钗;1.0
林如海;王熙凤;1.0
丰儿;琥珀;1.0
入画;金钏;1.0
引泉;锄药;1.0
贾㻞;贾敕;1.0
张道士;薛宝琴;1.0
李绮;玉钏;1.0
茄官;贾宝玉;1.0
贾蓁;贾藻;1.0
柳芳;陈瑞文;1.0
贾宝玉;贾敦;1.0
贾㻞;贾效;1.0
吴贵妃;贾珍;1.0
贾代儒;贾萍;1.0
篆儿;贾元春;1.0
史湘云;贾敷;1.0
喜鸾;贾惜春;1.0
吴天佑;秦业;1.0
司棋;同喜;1.0
珍珠;薛姨妈;1.0
张妈;贾珍;1.0
柳彪;马魁;1.0
史鼎;马尚;1.0
王熙凤;青儿;1.0
茗烟;莺儿;1.0
篆儿;贾环;1.0
史湘云;智能;1.0
莲花儿;薛宝钗;1.0
吴新登;赵国基;1.0
贾宝玉;鲍太医;1.0
待书;邢夫人;1.0
板儿;青儿;1.0
吴新登;周瑞;1.0
同喜;贾宝玉;1.0
宋嬷嬷;篆儿;1.0
芳官;贾赦;1.0
贾敬;贾璘;1.0
贾芬;贾蘅;1.0
丰儿;小红;1.0
玻璃;贾探春;1.0
入画;小螺;1.0
贾芝;贾芳;1.0
伴鹤;赵亦华;1.0
李绮;贾芹;1.0
贾敕;贾珩;1.0
茗烟;赖大;1.0
王熙凤;贾珩;1.0
彩霞;赖大的母亲;1.0
茄官;贾探春;1.0
贾琮;贾琼;1.0
尤氏;贾瑞;1.0
珍珠;臻儿;1.0
贾敕;贾蔷;1.0
万儿;贾宝玉;1.0
王熙凤;贾珖;1.0
贾敕;贾珖;1.0
贾芝;贾芹;1.0
王夫人;绣鸾;1.0
贾敕;贾珍;1.0
玉钏;雪雁;1.0
周瑞家的;尤二姐;1.0
薛蝌;贾政;1.0
贾芳;贾萍;1.0
尤二姐;茗烟;1.0
玉钏;翠墨;1.0
单聘仁;胡斯来;1.0
待书;晴雯;1.0
娄氏;贾兰;1.0
来旺;王子腾;1.0
柳彪;裘良;1.0
蕊官;邢夫人;1.0
贾珖;贾蘅;1.0
贾敷;贾琏;1.0
尤二姐;隆儿;1.0
丰儿;金钏;1.0
林之孝;贾环;1.0
张若锦;赖大;1.0
司棋;贾赦;1.0
来喜家的;来旺;1.0
柳彪;谢鲸;1.0
贾宝玉;贾敕;1.0
贾芬;贾芸;1.0
贾芬;贾芹;1.0
李纨;贾琮;1.0
坠儿;莺儿;1.0
贾芬;贾芳;1.0
四姐;林黛玉;1.0
李贵;邢夫人;1.0
张道士;茗烟;1.0
贾菱;贾蓁;1.0
方椿;贾宝玉;1.0
莺儿;贾雨村;1.0
蒋子宁;陈翼;1.0
文官;贾元春;1.0
娄氏;贾琏;1.0
贾效;贾藻;1.0
秦钟;锄药;1.0
刘姥姥;金彩;1.0
冯紫英;王夫人;1.0
庆儿;王子腾;1.0
紫鹃;臻儿;1.0
叶妈;茗烟;1.0
王夫人;金哥;1.0
女先儿;娄氏;1.0
裘良;马尚;1.0
贾敕;贾蘅;1.0
芳官;莲花儿;1.0
王熙凤;贾源;1.0
尤氏;贾蓁;1.0
贾㻞;贾政;1.0
史鼎;马魁;1.0
抱琴;智能;1.0
彩屏;贾芷;1.0
小螺;王熙凤;1.0
玉钏;玻璃;1.0
文杏;金钏;1.0
贾政;贾敕;1.0
春纤;香菱;1.0
石光珠;蒋子宁;1.0
王子腾;秦钟;1.0
小红;王子腾;1.0
田妈;祝妈;1.0
司棋;臻儿;1.0
贾蔷;贾藻;1.0
尤老娘;王夫人;1.0
净虚;王夫人;1.0
晴雯;贾兰;1.0
墨雨;平儿;1.0
抱琴;王熙凤;1.0
玻璃;邢夫人;1.0
伴鹤;绮霰;1.0
待书;林之孝;1.0
翠墨;贾兰;1.0
贾芸;贾蓉之妻;1.0
彩缤;绣凤;1.0
佳蕙;王熙凤;1.0
张道士;王子腾;1.0
云儿;王熙凤;1.0
净虚;智善;1.0
周瑞;文杏;1.0
王信;王子腾;1.0
晴雯;贾环;1.0
茄官;藕官;1.0
王善保家的;秋纹;1.0
冷子兴;周瑞;1.0
平儿;智能;1.0
艾官;豆官;1.0
尤氏;秦业;1.0
同贵;珍珠;1.0
王夫人;翡翠;1.0
贾代儒;贾兰;1.0
扫花;贾宝玉;1.0
小红;文杏;1.0
史湘云;板儿;1.0
焦大;秦可卿;1.0
娄氏;贾芸;1.0
同喜;同贵;1.0
傅秋芳;晴雯;1.0
贾兰;贾璘;1.0
贾兰;邢岫烟;1.0
王熙凤;贾萍;1.0
侯孝康;陈瑞文;1.0
贾兰;赵姨娘;1.0
智能;鹦鹉;1.0
柳家的;贾赦;1.0
瑞珠;贾珍;1.0
王君效;贾宝玉;1.0
王济仁;胡君荣;1.0
李纨;王子腾;1.0
牛清;马魁;1.0
平儿;蕊官;1.0
同贵;薛姨妈;1.0
尤氏;胡君荣;1.0
贾迎春;鹦鹉;1.0
喜鸾;薛姨妈;1.0
倪二;冯紫英;1.0
贾琏;邢德全;1.0
林黛玉;贾萍;1.0
林如海;贾珠;1.0
入画;薛姨妈;1.0
王子腾;贾珍;1.0
贾代儒;贾敕;1.0
薛姨妈;鹦鹉;1.0
尤三姐;贾环;1.0
臻儿;鸳鸯;1.0
王夫人;金彩;1.0
彩云;秋纹;1.0
贾琼;贾芬;1.0
艾官;芳官;1.0
牛继宗;陈翼;1.0
同喜;贾迎春;1.0
贾敷;贾蔷;1.0
贾琼;贾芳;1.0
篆儿;贾琏;1.0
周瑞;臻儿;1.0
小螺;贾兰;1.0
墨雨;贾瑞;1.0
周姨娘;晴雯;1.0
尤二姐;王信;1.0
紫鹃;贾兰;1.0
春纤;翠墨;1.0
佩凤;银蝶;1.0
绣鸾;薛宝琴;1.0
智善;秦业;1.0
四儿;尤氏;1.0
贾琼;贾芝;1.0
坠儿;秋纹;1.0
李纨;贾瑞;1.0
史湘云;王善保家的;1.0
贾元春;贾敬;1.0
彩霞;贾珠;1.0
焦大;赖二;1.0
吴新登;邢夫人;1.0
入画;绮霰;1.0
詹光;贾蓉;1.0
文官;贾菱;1.0
贾芳;贾蔷;1.0
吴新登;薛宝钗;1.0
伴鹤;周瑞;1.0
史太君;贾㻞;1.0
玻璃;翡翠;1.0
茗烟;钱启;1.0
双寿;贾宝玉;1.0
侯孝康;牛清;1.0
文官;茄官;1.0
俞禄;张华;1.0
胡老爷;贾宝玉;1.0
秦钟;贾琼;1.0
周姨娘;贾琏;1.0
玻璃;贾芸;1.0
玻璃;贾芹;1.0
金钏;鹦鹉;1.0
赖大;锄药;1.0
蒋子宁;裘良;1.0
赖二;赖大;1.0
小红;翠墨;1.0
王善保家的;芳官;1.0
王济仁;薛姨妈;1.0
来喜家的;林黛玉;1.0
绣鸾;贾兰;1.0
王熙凤;茜雪;1.0
尤氏;玉钏;1.0
平儿;雪雁;1.0
吴新登;贾琏;1.0
李纨;田妈;1.0
贾珩;贾璘;1.0
兴儿;张华;1.0
坠儿;李纹;1.0
同喜;小红;1.0
王君效;贾珍;1.0
文官;贾巧姐;1.0
莲花儿;贾宝玉;1.0
小红;雪雁;1.0
王济仁;王熙凤;1.0
周瑞;翠墨;1.0
刘姥姥;青儿;1.0
待书;素云;1.0
薛姨妈;贾萍;1.0
庆儿;贾珍;1.0
石光珠;陈瑞文;1.0
春纤;金钏;1.0
彩屏;贾芹;1.0
卫若兰;柳芳;1.0
贾琮;贾蓁;1.0
王夫人;赵国基;1.0
宋嬷嬷;紫鹃;1.0
林之孝;秦可卿;1.0
贾菱;贾蘅;1.0
李纨;莲花儿;1.0
李守中;贾兰;1.0
贾琼;贾蓉;1.0
宝珠;麝月;1.0
彩云;麝月;1.0
文官;贾珍;1.0
史太君;同贵;1.0
绣凤;贾探春;1.0
莺儿;贾琮;1.0
李绮;玻璃;1.0
兴儿;喜儿;1.0
周姨娘;彩霞;1.0
平儿;彩屏;1.0
彩云;林之孝家的;1.0
贾敦;贾芝;1.0
来旺;翠云;1.0
史湘云;珍珠;1.0
春纤;薛姨妈;1.0
春燕;薛姨妈;1.0
贾蓉;邢岫烟;1.0
秦业;贾政;1.0
贾璘;贾菱;1.0
贾敦;贾芬;1.0
水溶;麝月;1.0
贾㻞;贾蘅;1.0
贾元春;贾珠;1.0
史湘云;宋嬷嬷;1.0
张材家的;赖大的母亲;1.0
单大娘;贾探春;1.0
柳家的;王善保家的;1.0
贾敦;贾芹;1.0
贾敦;贾芸;1.0
夏守忠;贾赦;1.0
彩云;素云;1.0
贾敦;贾芳;1.0
李纹;金钏;1.0
乌进孝;鸳鸯;1.0
珍珠;贾琏;1.0
宝珠;智能;1.0
蒋子宁;谢鲸;1.0
同喜;尤二姐;1.0
贾迎春;麝月;1.0
王夫人;葵官;1.0
待书;林黛玉;1.0
水溶;蒋玉菡;1.0
侯孝康;谢鲸;1.0
拐子;邢夫人;1.0
天文生;贾宝玉;1.0
柳芳;蒋子宁;1.0
孙绍祖;林黛玉;1.0
茗烟;薛宝钗;1.0
贾蓁;贾赦;1.0
程日兴;薛宝钗;1.0
春纤;鸳鸯;1.0
薛宝琴;贾蔷;1.0
叶妈;田妈;1.0
贾敕;贾藻;1.0
史太君;隆儿;1.0
娄氏;薛宝琴;1.0
薛宝钗;贾敬;1.0
贾宝玉;贾蘅;1.0
贾惜春;贾琼;1.0
卫若兰;牛继宗;1.0
夏奶奶;袭人;1.0
佩凤;史湘云;1.0
秦钟;贾环;1.0
小霞;来旺;1.0
周姨娘;琥珀;1.0
孙绍祖;香菱;1.0
林之孝;程日兴;1.0
邢德全;银蝶;1.0
小鸠儿;春燕;1.0
春纤;素云;1.0
贾宝玉;隆儿;1.0
王子腾;贾元春;1.0
女先儿;翠墨;1.0
引愁金女;贾宝玉;1.0
丰儿;翠墨;1.0
冯紫英;裘良;1.0
李纹;鸳鸯;1.0
史太君;豆官;1.0
单聘仁;薛蟠;1.0
宋嬷嬷;贾元春;1.0
晴雯;翠墨;1.0
柳湘莲;薛蝌;1.0
平儿;祝妈;1.0
刘氏;贾政;1.0
炒豆儿;贾探春;1.0
葵官;袭人;1.0
史太君;文杏;1.0
李纨;祝妈;1.0
王信;贾环;1.0
王嬷嬷;贾宝玉;1.0
拐子;贾迎春;1.0
周瑞;素云;1.0
史湘云;秦可卿;1.0
尤氏;莺儿;1.0
晴雯;贾芸;1.0
喜儿;贾琏;1.0
尤氏;春燕;1.0
入画;抱琴;1.0
柳湘莲;香菱;1.0
林黛玉;赵嬷嬷;1.0
秦业;秦可卿;1.0
蒋子宁;陈瑞文;1.0
周太监;平儿;1.0
艾官;蕊官;1.0
四姐;平儿;1.0
薛宝琴;贾菱;1.0
拐子;藕官;1.0
神瑛侍者;绛珠仙子;1.0
傻大姐;尤氏;1.0
山子野;赖大;1.0
薛宝琴;贾琼;1.0
贾萍;贾蘅;1.0
贾琮;贾蔷;1.0
冯唐;冯紫英;1.0
春燕;薛宝琴;1.0
贾惜春;麝月;1.0
绣鸾;贾巧姐;1.0
孙绍祖;薛蟠;1.0
茜雪;贾芸;1.0
贾璘;贾菌;1.0
玻璃;贾琮;1.0
贾雨村;金哥;1.0
宝珠;莺儿;1.0
宋嬷嬷;王济仁;1.0
贾代善;贾兰;1.0
彩屏;林黛玉;1.0
珍珠;琥珀;1.0
秦钟;贾代儒;1.0
同贵;雪雁;1.0
金钏;雪雁;1.0
贾芹;贾蓉之妻;1.0
玻璃;贾琏;1.0
贾琛;贾蓁;1.0
贾元春;赖大;1.0
吴新登;贾蔷;1.0
贾兰;贾琛;1.0
王信;琥珀;1.0
佩凤;赖大;1.0
冯紫英;马魁;1.0
琥珀;痴梦仙姑;1.0
琥珀;雪雁;1.0
周瑞;抱琴;1.0
王熙凤;邢德全;1.0
贾元春;贾菖;1.0
宝官;鸳鸯;1.0
单聘仁;史太君;1.0
绣鸾;翠缕;1.0
薛宝钗;贾㻞;1.0
玉钏;素云;1.0
智能;薛宝钗;1.0
史太君;贾巧姐;1.0
喜儿;玉钏;1.0
柳五儿;柳湘莲;1.0
贾元春;贾菱;1.0
贾璘;贾蘅;1.0
冯紫英;水溶;1.0
多姑娘;晴雯;1.0
贾代化;顽石;1.0
小螺;赖大;1.0
抱琴;贾元春;1.0
王夫人;良儿;1.0
菂官;蕊官;1.0
秦业;贾琛;1.0
贾效;贾赦;1.0
同喜;臻儿;1.0
史太君;来喜家的;1.0
贾芸;邢岫烟;1.0
张华;李纨;1.0
彩屏;贾菱;1.0
詹光;贾政;1.0
吴新登;戴良;1.0
昭儿;贾琏;1.0
詹光;贾珍;1.0
程日兴;贾珍;1.0
小鸠儿;麝月;1.0
贾代儒;贾珩;1.0
贾效;贾琮;1.0
贾宝玉;金氏;1.0
宝珠;秦钟;1.0
尤氏;贾效;1.0
来旺;贾迎春;1.0
贾琛;贾菱;1.0
单大良;薛姨妈;1.0
贾惜春;贾蓉;1.0
林之孝家的;贾芹;1.0
林之孝家的;贾芸;1.0
小红;茜雪;1.0
贾琛;贾菌;1.0
紫鹃;鹦鹉;1.0
翠墨;臻儿;1.0
贾代儒;贾珖;1.0
贾敬;贾琛;1.0
坠儿;邢夫人;1.0
尤氏;文官;1.0
兴儿;贾赦;1.0
尤氏;贾敦;1.0
贾琛;贾菖;1.0
嫣红;邢夫人;1.0
入画;贾兰;1.0
贾宝玉;贾荇;1.0
同喜;林黛玉;1.0
贾芹;贾藻;1.0
张道士;贾赦;1.0
俞禄;来旺;1.0
贾环;贾芸;1.0
史湘云;贾芹;1.0
茜雪;薛姨妈;1.0
薛宝琴;贾政;1.0
周瑞;贾赦;1.0
住儿;袭人;1.0
贾珩;贾芬;1.0
入画;珍珠;1.0
来旺;邢夫人;1.0
文官;艾官;1.0
贾菖;贾蘅;1.0
贾环;贾芹;1.0
同喜;鹦鹉;1.0
史太君;邢忠;1.0
春纤;雪雁;1.0
痴梦仙姑;贾宝玉;1.0
王子腾;薛宝琴;1.0
贾芝;贾菖;1.0
封氏;霍启;1.0
贾芸;贾蓁;1.0
李纨;胡氏;1.0
夏婆子;贾宝玉;1.0
夏婆子;贾环;1.0
丰儿;珍珠;1.0
林黛玉;葵官;1.0
贾敦;贾藻;1.0
林之孝;贾菱;1.0
珍珠;素云;1.0
司棋;文杏;1.0
伴鹤;张若锦;1.0
入画;同贵;1.0
周瑞;花自芳;1.0
春纤;李纨;1.0
贾源;贾演;1.0
同贵;文杏;1.0
史湘云;史鼎;1.0
林之孝家的;王子腾;1.0
史湘云;雪雁;1.0
丰儿;彩屏;1.0
林之孝;贾雨村;1.0
篆儿;薛宝琴;1.0
王夫人;臻儿;1.0
贾琮;贾蓉之妻;1.0
贾珍;贾珠;1.0
贾代儒;贾菱;1.0
贾珠;鸳鸯;1.0
贾琮;贾璘;1.0
贾代儒;贾菌;1.0
夏金桂;贾赦;1.0
秦可卿;贾敬;1.0
司棋;小螺;1.0
秦可卿;钱华;1.0
贾琏;贾芷;1.0
李贵;锄药;1.0
张材家的;赖大;1.0
冯紫英;史太君;1.0
贾敏;贾雨村;1.0
史太君;锄药;1.0
柳五儿;王善保家的;1.0
史鼎;蒋子宁;1.0
冯紫英;贾政;1.0
尤二姐;薛宝钗;1.0
贾珩;贾琼;1.0
彩屏;贾惜春;1.0
贾芳;贾芹;1.0
贾芳;贾芸;1.0
袭人;贾琮;1.0
小螺;藕官;1.0
彩霞;麝月;1.0
渺渺真人;空空道人;1.0
贾珩;贾琮;1.0
贾珩;贾琛;1.0
贾芷;邢夫人;1.0
李纹;玉钏;1.0
单聘仁;贾蔷;1.0
李绮;金钏;1.0
尤氏;茄官;1.0
茗烟;贾芸;1.0
李贵;贾珍;1.0
住儿;晴雯;1.0
住儿;邢夫人;1.0
贾赦;麝月;1.0
李纹;贾蔷;1.0
琥珀;贾芸;1.0
女先儿;鸳鸯;1.0
春纤;薛宝钗;1.0
王济仁;薛宝钗;1.0
卫若兰;马魁;1.0
小红;篆儿;1.0
拐子;贾政;1.0
伴鹤;钱启;1.0
入画;翠缕;1.0
小螺;贾环;1.0
文杏;珍珠;1.0
板儿;琥珀;1.0
女先儿;邢岫烟;1.0
林如海;贾探春;1.0
女先儿;香菱;1.0
尤氏;贾荇;1.0
贾环;赖大;1.0
贾演;贾蓉;1.0
贾璘;贾菖;1.0
晴雯;薛蝌;1.0
林之孝家的;鸳鸯;1.0
卫若兰;戚建辉;1.0
薛宝琴;贾菖;1.0
喜儿;麝月;1.0
秋纹;贾元春;1.0
贾代化;贾珠;1.0
同贵;彩云;1.0
方椿;绮霰;1.0
贾代儒;贾蓉;1.0
贾代化;贾代善;1.0
贾琏;贾荇;1.0
贾代儒;贾蓁;1.0
拐子;王夫人;1.0
小吉祥儿;玉钏;1.0
贾菌;贾藻;1.0
贾璜;贾萍;1.0
文官;蕊官;1.0
贾兰;贾蓉之妻;1.0
抱琴;薛姨妈;1.0
史湘云;林之孝;1.0
昭容;薛姨妈;1.0
林之孝;贾菖;1.0
张妈;潘又安;1.0
小红;贾珍;1.0
同贵;小红;1.0
彩屏;贾巧姐;1.0
篆儿;贾惜春;1.0
贾珩;贾蘅;1.0
文官;藕官;1.0
四姐;邢夫人;1.0
天文生;贾敬;1.0
李纨;茜雪;1.0
柳彪;蒋子宁;1.0
薛宝琴;金彩;1.0
翠墨;薛姨妈;1.0
珍珠;翠缕;1.0
入画;芳官;1.0
丰儿;同贵;1.0
秦钟;贾迎春;1.0
茄官;葵官;1.0
娄氏;邢夫人;1.0
素云;赵姨娘;1.0
兴儿;柳湘莲;1.0
平儿;花自芳;1.0
贾兰;贾蘅;1.0
傻大姐;周瑞家的;1.0
小螺;绣鸾;1.0
晴雯;李贵;1.0
嫣红;王夫人;1.0
胡氏;薛蟠;1.0
王信;王夫人;1.0
绮霰;锄药;1.0
檀云;水溶;1.0
傅试;晴雯;1.0
牛继宗;石光珠;1.0
王熙凤;贾敷;1.0
薛宝琴;金钏;1.0
平儿;贾菌;1.0
梅翰林;薛蝌;1.0
同贵;彩屏;1.0
贾珍;赵姨娘;1.0
绣凤;绣鸾;1.0
秦可卿;薛宝琴;1.0
梅翰林;薛蟠;1.0
李贵;薛蝌;1.0
来喜家的;邢夫人;1.0
王荣;锄药;1.0
史太君;臻儿;1.0
贾芝;贾蓁;1.0
智能;李贵;1.0
檀云;鸳鸯;1.0
春纤;莺儿;1.0
净虚;秦可卿;1.0
贾菖;贾蓉之妻;1.0
王荣;赖大;1.0
梅翰林;紫鹃;1.0
媚人;麝月;1.0
贾芬;贾蓁;1.0
素云;贾惜春;1.0
小霞;贾宝玉;1.0
昭容;王熙凤;1.0
彩云;春纤;1.0
平儿;春纤;1.0
篆儿;贾兰;1.0
琥珀;贾琮;1.0
刘姥姥;贾政;1.0
贾宝玉;贾藻;1.0
詹光;赖大;1.0
柳五儿;玻璃;1.0
贾敬;贾菌;1.0
贾效;贾芹;1.0
贾瑞;邢夫人;1.0
丰儿;贾政;1.0
薛姨妈;贾琼;1.0
贾代儒;贾蘅;1.0
板儿;素云;1.0
周瑞;锄药;1.0
贾效;贾芬;1.0
王善保家的;贾珍;1.0
翠缕;贾惜春;1.0
妙玉;翠缕;1.0
翠缕;邢岫烟;1.0
林黛玉;秦业;1.0
谢鲸;陈翼;1.0
贾效;贾芝;1.0
板儿;贾惜春;1.0
贾环;贾蓉之妻;1.0
林之孝家的;贾珍;1.0
史太君;善姐;1.0
司棋;彩屏;1.0
臻儿;金钏;1.0
贾菱;邢岫烟;1.0
贾兰;贾瑞;1.0
尤三姐;王信;1.0
小吉祥儿;雪雁;1.0
春纤;贾迎春;1.0
贾敕;贾琮;1.0
薛蟠;麝月;1.0
待书;蕊官;1.0
梅翰林;邢岫烟;1.0
贾敦;贾蔷;1.0
坠儿;水溶;1.0
寿儿;鲍二家的;1.0
胡老爷;贾蓉;1.0
彩霞;玻璃;1.0
贾宝玉;赵嬷嬷;1.0
晴雯;贾赦;1.0
牛清;裘良;1.0
女先儿;玉钏;1.0
秋纹;莺儿;1.0
琥珀;贾芹;1.0
同贵;贾宝玉;1.0
贾敕;贾琛;1.0
入画;鸳鸯;1.0
同贵;贾迎春;1.0
周瑞;秦钟;1.0
牛清;蒋子宁;1.0
贾敕;贾蓁;1.0
傻大姐;贾琏;1.0
艾官;薛宝琴;1.0
莺儿;赖尚荣;1.0
智善;胡老爷;1.0
胡老爷;贾珍;1.0
文杏;鸳鸯;1.0
史湘云;四姐;1.0
卫若兰;贾宝玉;1.0
贾珖;贾芬;1.0
贾代儒;贾政;1.0
秦业;贾代儒;1.0
平儿;文杏;1.0
贾珖;贾芹;1.0
丰儿;王子腾;1.0
贾珖;贾芳;1.0
四姐;薛宝钗;1.0
乌进孝;史太君;1.0
入画;薛宝琴;1.0
坠儿;贾元春;1.0
单大良;王熙凤;1.0
贾珖;贾芝;1.0
柳彪;马尚;1.0
邢岫烟;金钏;1.0
玻璃;邢岫烟;1.0
吴贵妃;贾政;1.0
周瑞家的;贾雨村;1.0
翡翠;贾赦;1.0
吴新登;山子野;1.0
王熙凤;绣鸾;1.0
王子腾;贾赦;1.0
小螺;蕊官;1.0
周姨娘;邢夫人;1.0
春纤;贾探春;1.0
贾芹;贾蔷;1.0
文官;贾政;1.0
吴新登;贾蓉;1.0
王嬷嬷;袭人;1.0
单大良;王子腾;1.0
同贵;臻儿;1.0
薛宝钗;贾瑞;1.0
板儿;贾雨村;1.0
晴雯;豆官;1.0
彩缤;邢夫人;1.0
尤三姐;林之孝;1.0
小红;赖大;1.0
引泉;贾赦;1.0
史太君;茄官;1.0
周瑞家的;臻儿;1.0
吴新登;薛姨妈;1.0
待书;贾兰;1.0
文官;贾惜春;1.0
贾代儒;贾蔷;1.0
茜雪;薛蟠;1.0
小螺;贾巧姐;1.0
待书;藕官;1.0
待书;袭人;1.0
尤氏;李纹;1.0
花自芳;贾珍;1.0
贾琛;贾萍;1.0
贾代善;贾蓉;1.0
引泉;贾琏;1.0
薛宝钗;詹光;1.0
翠墨;贾赦;1.0
同贵;金钏;1.0
同贵;王夫人;1.0
小霞;贾环;1.0
翠缕;贾环;1.0
司棋;金钏;1.0
琥珀;赵姨娘;1.0
秦可卿;贾效;1.0
良儿;麝月;1.0
王善保家的;薛蟠;1.0
翠墨;茜雪;1.0
夏奶奶;王熙凤;1.0
小吉祥儿;贾宝玉;1.0
嫣红;翠云;1.0
秦钟;薛姨妈;1.0
王熙凤;翠云;1.0
程日兴;贾政;1.0
彩屏;贾敬;1.0
贾效;贾芸;1.0
秦可卿;贾蘅;1.0
春纤;珍珠;1.0
玻璃;贾菖;1.0
同贵;贾巧姐;1.0
薛姨妈;贾㻞;1.0
秦可卿;贾敕;1.0
喜儿;贾宝玉;1.0
贾芳;贾藻;1.0
待书;贾赦;1.0
贾萍;贾蔷;1.0
文杏;王熙凤;1.0
柳彪;牛继宗;1.0
秦可卿;贾敦;1.0
玻璃;贾菱;1.0
贾芷;贾芹;1.0
王夫人;鲍太医;1.0
贾探春;鹦鹉;1.0
春纤;晴雯;1.0
史鼎;王夫人;1.0
李纨;蝉姐;1.0
夏金桂;邢夫人;1.0
丰儿;贾珍;1.0
戚建辉;陈翼;1.0
素云;藕官;1.0
钱启;锄药;1.0
周瑞家的;金彩;1.0
史太君;顽石;1.0
翠墨;雪雁;1.0
春纤;琥珀;1.0
贾㻞;贾芝;1.0
贾芳;贾蓁;1.0
史太君;吴天佑;1.0
贾敕;贾萍;1.0
李公子;金哥;1.0
林之孝;贾菌;1.0
贾㻞;贾芬;1.0
喜鸾;贾琼;1.0
李绮;贾琏;1.0
入画;鹦鹉;1.0
贾㻞;贾芸;1.0
贾㻞;贾芹;1.0
卜固修;贾琏;1.0
贾㻞;贾芳;1.0
彩屏;素云;1.0
贾兰;贾藻;1.0
吴新登;贾赦;1.0
贾珖;贾蔷;1.0
秦可卿;贾芸;1.0
芳官;茄官;1.0
李纨;秦显家的;1.0
平儿;王济仁;1.0
彩屏;贾赦;1.0
坠儿;李绮;1.0
秦可卿;贾芬;1.0
赵亦华;锄药;1.0
赵姨娘;邢岫烟;1.0
云光;金哥;1.0
绣凤;贾迎春;1.0
秦可卿;贾芝;1.0
刘姥姥;文官;1.0
贾琮;贾芝;1.0
王熙凤;邢忠;1.0
周瑞;春纤;1.0
贾敕;贾菖;1.0
余信家的;贾惜春;1.0
王嬷嬷;贾迎春;1.0
佩凤;傻大姐;1.0
柳芳;陈翼;1.0
绣凤;贾政;1.0
周瑞家的;贾赦;1.0
周瑞家的;贾元春;1.0
贾敕;贾芹;1.0
彩屏;琥珀;1.0
翠缕;雪雁;1.0
薛姨妈;贾雨村;1.0
贾琮;贾蘅;1.0
住儿;玻璃;1.0
柳湘莲;秦钟;1.0
坠儿;邢岫烟;1.0
来喜家的;袭人;1.0
卫若兰;薛蟠;1.0
宝珠;芳官;1.0
彩云;文杏;1.0
秦钟;贾琛;1.0
贾敬;贾敷;1.0
素云;雪雁;1.0
贾珍;赵嬷嬷;1.0
来旺;王善保家的;1.0
净虚;史太君;1.0
小螺;尤氏;1.0
贾芸;贾蔷;1.0
贾珩;贾萍;1.0
贾政;贾琛;1.0
贾兰;贾蓁;1.0
周瑞;鲍二家的;1.0
贾琛;贾琮;1.0
祝妈;薛宝钗;1.0
林如海;贾惜春;1.0
薛宝钗;赖大的母亲;1.0
檀云;贾芸;1.0
林黛玉;艾官;1.0
尤三姐;王夫人;1.0
同贵;李纨;1.0
司棋;春纤;1.0
素云;翠缕;1.0
贾元春;贾敏;1.0
同喜;文杏;1.0
贾兰;香菱;1.0
媚人;晴雯;1.0
薛宝琴;银蝶;1.0
妙玉;李绮;1.0
尤三姐;尤老娘;1.0
贾琮;邢岫烟;1.0
佳蕙;玉钏;1.0
素云;蕊官;1.0
智善;贾蓉;1.0
晴雯;梅翰林;1.0
贾珠;贾蓉;1.0
秋纹;绮霰;1.0
李绮;琥珀;1.0
天文生;贾珍;1.0
女先儿;王子腾;1.0
李贵;薛姨妈;1.0
妙玉;鸳鸯;1.0
吴天佑;吴贵妃;1.0
周瑞;茗烟;1.0
贾珖;贾菌;1.0
刘姥姥;来旺;1.0
秋桐;贾迎春;1.0
娄氏;贾珍;1.0
引愁金女;琥珀;1.0
李绮;麝月;1.0
小红;琥珀;1.0
贾藻;贾赦;1.0
晴雯;花自芳;1.0
贾蔷;香菱;1.0
王仁;邢岫烟;1.0
牛清;陈瑞文;1.0
昭容;林黛玉;1.0
琥珀;翡翠;1.0
炒豆儿;邢夫人;1.0
贾琏;赖大的母亲;1.0
良儿;袭人;1.0
周瑞;贾元春;1.0
夏婆子;藕官;1.0
来喜家的;王善保家的;1.0
史太君;贾珖;1.0
云儿;李纨;1.0
王夫人;素云;1.0
刘姥姥;贾雨村;1.0
刘姥姥;紫鹃;1.0
贾雨村;顽石;1.0
冷子兴;薛宝钗;1.0
赵姨娘;鸳鸯;1.0
春燕;贾迎春;1.0
贾敦;贾珍;1.0
周奶娘;贾迎春;1.0
贾兰;银蝶;1.0
贾宝玉;赖二;1.0
彩霞;紫鹃;1.0
侯孝康;戚建辉;1.0
丰儿;金彩;1.0
文杏;赖尚荣;1.0
贾兰;贾珩;1.0
四儿;柳家的;1.0
来喜家的;麝月;1.0
王君效;王济仁;1.0
贾敦;贾珖;1.0
甄士隐;警幻仙子;1.0
王熙凤;艾官;1.0
尤氏;彩霞;1.0
贾兰;贾珖;1.0
周太监;珍珠;1.0
彩霞;茜雪;1.0
薛宝钗;鲍太医;1.0
丰儿;贾巧姐;1.0
周瑞;紫鹃;1.0
伴鹤;赖大;1.0
周瑞;翠云;1.0
山子野;贾蔷;1.0
秦可卿;邢岫烟;1.0
薛蟠;贾芸;1.0
珍珠;薛宝钗;1.0
王济仁;秋桐;1.0
贾宝玉;贾敷;1.0
妙玉;玻璃;1.0
牛清;马尚;1.0
李绮;林之孝;1.0
智能;林黛玉;1.0
卜世仁;王熙凤;1.0
蒋玉菡;香菱;1.0
平儿;藕官;1.0
双瑞;锄药;1.0
贾宝玉;贾效;1.0
贾芝;贾芸;1.0
夏守忠;薛宝钗;1.0
引泉;贾芸;1.0
兴儿;薛宝钗;1.0
牛继宗;蒋子宁;1.0
文官;贾蓉;1.0
引泉;绮霰;1.0
绣鸾;翠墨;1.0
伴鹤;贾芸;1.0
贾芝;贾芬;1.0
贾菖;贾迎春;1.0
邢夫人;邢忠;1.0
刘姥姥;翡翠;1.0
小螺;李纨;1.0
臻儿;雪雁;1.0
周瑞家的;小红;1.0
同喜;金钏;1.0
茗烟;贾探春;1.0
彩屏;莺儿;1.0
司棋;琥珀;1.0
贾代儒;贾敦;1.0
宝蟾;贾宝玉;1.0
冯紫英;袭人;1.0
李纹;秦可卿;1.0
四姐;贾㻞;1.0
周瑞;雪雁;1.0
尤三姐;隆儿;1.0
玉钏;贾蔷;1.0
宋嬷嬷;平儿;1.0
司棋;智能;1.0
贾代儒;贾效;1.0
小鸠儿;莺儿;1.0
陈瑞文;陈翼;1.0
史太君;绣凤;1.0
吴天佑;林黛玉;1.0
贾珖;贾藻;1.0
智善;贾珍;1.0
贾珍;贾芳;1.0
贾珍;贾芬;1.0
贾琼;贾蘅;1.0
引泉;扫花;1.0
贾珍;贾芝;1.0
喜儿;莺儿;1.0
柳湘莲;袭人;1.0
贾宝玉;鲍二家的;1.0
佳蕙;赵姨娘;1.0
文杏;翠墨;1.0
贾珠;贾蔷;1.0
林如海;贾迎春;1.0
封氏;封肃;1.0
玉钏;翠缕;1.0
贾琮;贾藻;1.0
司棋;雪雁;1.0
兴儿;周瑞;1.0
小红;金钏;1.0
贾琮;贾芷;1.0
喜儿;平儿;1.0
史湘云;贾菖;1.0
贾探春;邢德全;1.0
同喜;珍珠;1.0
冯渊;王子腾;1.0
智通;贾探春;1.0
空空道人;茫茫大士;1.0
周瑞家的;来喜家的;1.0
卜世仁;贾琏;1.0
王善保家的;邢德全;1.0
史鼎;裘良;1.0
贾赦;金钏;1.0
贾敷;贾菌;1.0
秋纹;贾珍;1.0
冯渊;贾政;1.0
芳官;贾政;1.0
袭人;贾菌;1.0
贾珩;贾蓁;1.0
珍珠;贾迎春;1.0
莺儿;贾巧姐;1.0
篆儿;薛宝钗;1.0
珍珠;贾巧姐;1.0
智能;贾琏;1.0
文杏;鹦鹉;1.0
贾蓉;顽石;1.0
林之孝家的;水溶;1.0
周瑞家的;文杏;1.0
王信;贾珍;1.0
吴贵妃;王熙凤;1.0
冯唐;卫若兰;1.0
度恨菩提;琥珀;1.0
妙玉;薛姨妈;1.0
李纹;林之孝家的;1.0
王熙凤;田妈;1.0
翠缕;金钏;1.0
李嬷嬷;麝月;1.0
梅翰林;王仁;1.0
戴良;钱华;1.0
牛继宗;马魁;1.0
薛宝琴;贾元春;1.0
贾菖;贾蓁;1.0
王短腿;贾芸;1.0
秦可卿;贾芳;1.0
文官;豆官;1.0
双瑞;贾宝玉;1.0
宝珠;尤氏;1.0
花自芳;麝月;1.0
秦业;贾琏;1.0
住儿;待书;1.0
茜雪;邢夫人;1.0
女先儿;晴雯;1.0
贾芝;贾蘅;1.0
张道士;贾政;1.0
贾敦;贾蘅;1.0
卫若兰;蒋子宁;1.0
臻儿;薛蟠;1.0
娄氏;贾蓉之妻;1.0
史太君;戴良;1.0
田妈;贾探春;1.0
同喜;周瑞家的;1.0
同喜;翠墨;1.0
柳家的;贾环;1.0
玻璃;薛宝琴;1.0
周瑞;薛蟠;1.0
倪二;薛蟠;1.0
贾㻞;贾藻;1.0
文杏;林黛玉;1.0
佳蕙;绮霰;1.0
赖大;赵亦华;1.0
晴雯;金钏;1.0
芳官;贾琮;1.0
秦钟;贾琏;1.0
坠儿;良儿;1.0
娄氏;贾菖;1.0
喜儿;来旺;1.0
吴天佑;贾琏;1.0
丰儿;待书;1.0
张若锦;锄药;1.0
卜固修;贾蔷;1.0
臻儿;鹦鹉;1.0
史太君;詹光;1.0
尤氏;柳湘莲;1.0
潘又安;贾迎春;1.0
贾璜;贾芸;1.0
李纨;贾菌;1.0
珍珠;金钏;1.0
素云;芳官;1.0
绣凤;贾惜春;1.0
彩屏;珍珠;1.0
山子野;贾蓉;1.0
贾琼;贾藻;1.0
宋嬷嬷;李嬷嬷;1.0
王信;贾宝玉;1.0
冷子兴;贾迎春;1.0
周瑞家的;琥珀;1.0
来旺;香菱;1.0
王熙凤;胡氏;1.0
篆儿;邢岫烟;1.0
李纹;贾珍;1.0
史太君;莲花儿;1.0
贾探春;贾菱;1.0
吴天佑;王熙凤;1.0
柳五儿;贾环;1.0
尤老娘;柳湘莲;1.0
史鼎;陈瑞文;1.0
史湘云;贾代善;1.0
王熙凤;茄官;1.0
尤氏;翠墨;1.0
玉官;鸳鸯;1.0
妙玉;李纹;1.0
秦可卿;贾珩;1.0
良儿;赖大;1.0
平儿;田妈;1.0
贾㻞;贾代儒;1.0
贾芹;贾蘅;1.0
贾璘;贾芝;1.0
冯紫英;马尚;1.0
周瑞家的;嫣红;1.0
余信;余信家的;1.0
贾巧姐;鹦鹉;1.0
贾璘;贾芬;1.0
尤氏;贾蘅;1.0
史太君;钱华;1.0
周瑞家的;雪雁;1.0
娄氏;林之孝;1.0
佳蕙;鸳鸯;1.0
贾璘;贾芹;1.0
贾璘;贾芸;1.0
秦可卿;贾珖;1.0
薛宝钗;顽石;1.0
绣凤;贾宝玉;1.0
尤三姐;彩云;1.0
彩云;翠墨;1.0
林之孝;贾璜;1.0
平儿;昭儿;1.0
贾芸;银姐;1.0
梅翰林;王夫人;1.0
祝妈;贾宝玉;1.0
贾代儒;贾赦;1.0
来旺;柳湘莲;1.0
坠儿;篆儿;1.0
藕官;贾环;1.0
甄宝玉;香菱;1.0
贾珖;贾芸;1.0
史湘云;贾雨村;1.0
抱琴;昭容;1.0
王熙凤;顽石;1.0
薛姨妈;贾菌;1.0
司棋;抱琴;1.0
李嬷嬷;贾环;1.0
贾琮;贾荇;1.0
贾兰;贾敕;1.0
佳蕙;薛蟠;1.0
吴新登;王子腾;1.0
檀云;鹦鹉;1.0
女先儿;小螺;1.0
赵姨娘;钱槐;1.0
喜鸾;薛宝琴;1.0
尤氏;赖二;1.0
贾兰;贾效;1.0
四儿;李纨;1.0
程日兴;贾蔷;1.0
王熙凤;赵国基;1.0
贾兰;贾敷;1.0
周瑞;茜雪;1.0
贾敕;贾璘;1.0
尤氏;王子腾;1.0
茜雪;金钏;1.0
贾芬;贾萍;1.0
晴雯;莲花儿;1.0
贾兰;贾敦;1.0
林之孝家的;赖大;1.0
尤三姐;琥珀;1.0
史鼎;石光珠;1.0
多官;王熙凤;1.0
彩云;鹦鹉;1.0
吴新登;程日兴;1.0
贾敦;贾菌;1.0
贾珩;贾藻;1.0
史鼐;王熙凤;1.0
张材家的;板儿;1.0
贾敦;贾菖;1.0
李守中;贾珠;1.0
文官;薛宝琴;1.0
文杏;雪雁;1.0
待书;林之孝家的;1.0
待书;香菱;1.0
山子野;引泉;1.0
小红;芳官;1.0
贾瑞;香菱;1.0
贾璘;贾芳;1.0
文杏;贾探春;1.0
尤二姐;王济仁;1.0
贾敦;贾菱;1.0
冯紫英;牛继宗;1.0
篆儿;赖大;1.0
篆儿;翠墨;1.0
入画;臻儿;1.0
贾芹;邢岫烟;1.0
彩屏;贾琏;1.0
贾效;贾芳;1.0
琥珀;赖大;1.0
文官;贾菖;1.0
同喜;平儿;1.0
林黛玉;赖大的母亲;1.0
王善保家的;贾琏;1.0
司棋;珍珠;1.0
四姐;贾迎春;1.0
住儿;李纨;1.0
珍珠;翠墨;1.0
叶妈;祝妈;1.0
彩屏;贾琮;1.0
陈瑞文;马尚;1.0
篆儿;良儿;1.0
宝官;贾蔷;1.0
贾芸;贾藻;1.0
胡斯来;贾宝玉;1.0
蒋玉菡;贾珍;1.0
春纤;王夫人;1.0
贾珠;贾菌;1.0
吴贵妃;秦业;1.0
贾敬;顽石;1.0
李绮;贾蔷;1.0
史太君;艾官;1.0
嫣红;贾赦;1.0
贾兰;锄药;1.0
周瑞;彩屏;1.0
林黛玉;贾琼;1.0
李嬷嬷;秦钟;1.0
甄士隐;秦可卿;1.0
司棋;女先儿;1.0
李纨;贾芸;1.0
入画;雪雁;1.0
翠墨;邢岫烟;1.0
李纨;贾芹;1.0
伴鹤;李贵;1.0
彩云;李绮;1.0
李守中;李纹;1.0
侯孝康;石光珠;1.0
史湘云;茄官;1.0
刘氏;板儿;1.0
绣鸾;赵姨娘;1.0
住儿;周瑞家的;1.0
同贵;薛宝钗;1.0
彩屏;香菱;1.0
林如海;秦钟;1.0
史鼎;牛清;1.0
张道士;李贵;1.0
冯紫英;金氏;1.0
石光珠;裘良;1.0
紫鹃;茜雪;1.0
茜雪;鸳鸯;1.0
李纹;贾芹;1.0
林黛玉;柳家的;1.0
林黛玉;梅翰林;1.0
林之孝;贾巧姐;1.0
叶妈;王熙凤;1.0
抱琴;贾赦;1.0
喜鸾;薛宝钗;1.0
王熙凤;藕官;1.0
坠儿;王熙凤;1.0
冯紫英;石光珠;1.0
贾政;贾敦;1.0
单大良;袭人;1.0
秦可卿;贾璘;1.0
王济仁;玻璃;1.0
贾芬;贾菖;1.0
尤二姐;琥珀;1.0
牛继宗;谢鲸;1.0
紫鹃;赖大;1.0
傻大姐;嫣红;1.0
入画;张妈;1.0
秦可卿;贾菌;1.0
贾兰;贾菱;1.0
张道士;贾蓉;1.0
云儿;麝月;1.0
贾政;贾效;1.0
秦可卿;贾菖;1.0
贾藻;贾蘅;1.0
裘良;陈翼;1.0
戚建辉;柳彪;1.0
林黛玉;神瑛侍者;1.0
薛宝钗;钱华;1.0
平儿;张华;1.0
史太君;周太监;1.0
周瑞;嫣红;1.0
翠墨;贾芸;1.0
艾官;茄官;1.0
冯紫英;林黛玉;1.0
贾菌;贾蓁;1.0
彩霞;绣凤;1.0
贾代儒;贾藻;1.0
云儿;小螺;1.0
尤三姐;贾赦;1.0
赖大;赖尚荣;1.0
周瑞;金彩;1.0
尤氏;鲍二家的;1.0
晴雯;来旺;1.0
玻璃;贾惜春;1.0
水溶;贾迎春;1.0
史湘云;林之孝家的;1.0
贾兰;顽石;1.0
倪二;绮霰;1.0
封氏;甄士隐;1.0
王熙凤;贾代善;1.0
云光;来旺;1.0
文杏;贾巧姐;1.0
林之孝家的;紫鹃;1.0
丰儿;贾惜春;1.0
贾蔷;邢夫人;1.0
同喜;彩屏;1.0
贾敷;贾珠;1.0
李绮;贾琮;1.0
周太监;来旺;1.0
琥珀;邢岫烟;1.0
贾元春;贾芸;1.0
赖大;邢岫烟;1.0
晴雯;贾巧姐;1.0
王夫人;艾官;1.0
林黛玉;翡翠;1.0
贾珍;银蝶;1.0
彩云;檀云;1.0
李纨;王仁;1.0
宝珠;小鸠儿;1.0
同贵;周瑞家的;1.0
文杏;薛蟠;1.0
小鸠儿;贾宝玉;1.0
同喜;素云;1.0
小霞;王熙凤;1.0
冯紫英;陈翼;1.0
贾敷;贾珍;1.0
同贵;春纤;1.0
林黛玉;贾瑞;1.0
薛姨妈;邢忠;1.0
司棋;鹦鹉;1.0
林之孝;贾元春;1.0
倪二;方椿;1.0
佳蕙;薛姨妈;1.0
嫣红;平儿;1.0
贾效;贾萍;1.0
单大良;林黛玉;1.0
丰儿;赵姨娘;1.0
林之孝家的;金钏;1.0
彩云;李纹;1.0
牛清;谢鲸;1.0
贾代善;贾敷;1.0
秦可卿;贾蓁;1.0
抱琴;林黛玉;1.0
贾代善;贾敬;1.0
俞禄;尤老娘;1.0
李纨;王济仁;1.0
焦大;秦钟;1.0
贾琛;贾芸;1.0
贾琛;贾芹;1.0
侯孝康;柳彪;1.0
贾蘅;贾赦;1.0
贾琛;贾芳;1.0
卫若兰;柳彪;1.0
绣凤;贾环;1.0
贾琛;贾芬;1.0
梅翰林;袭人;1.0
春纤;贾惜春;1.0
贾敕;贾敦;1.0
冯紫英;蒋子宁;1.0
冷子兴;周瑞家的;1.0
戚建辉;石光珠;1.0
琥珀;臻儿;1.0
贾蔷;贾迎春;1.0
彩云;贾蔷;1.0
小螺;豆官;1.0
宝珠;瑞珠;1.0
佩凤;邢德全;1.0
贾政;赵嬷嬷;1.0
冯紫英;秦可卿;1.0
抱琴;李纨;1.0
丰儿;李嬷嬷;1.0
臻儿;贾迎春;1.0
史太君;菂官;1.0
贾㻞;贾赦;1.0
同贵;林黛玉;1.0
贾宝玉;贾蓁;1.0
贾效;贾琛;1.0
春燕;秋纹;1.0
史湘云;梅翰林;1.0
来旺;贾雨村;1.0
周瑞家的;抱琴;1.0
绮霰;薛宝钗;1.0
詹光;贾蔷;1.0
李嬷嬷;赵姨娘;1.0
史鼎;牛继宗;1.0
丰儿;雪雁;1.0
玉钏;贾惜春;1.0
同贵;王熙凤;1.0
侯孝康;蒋子宁;1.0
李纹;贾菱;1.0
李纹;贾环;1.0
贾效;贾琼;1.0
赵姨娘;邢夫人;1.0
绮霰;茜雪;1.0
贾菌;贾萍;1.0
冯紫英;张道士;1.0
入画;素云;1.0
臻儿;赖尚荣;1.0
佩凤;翠云;1.0
方椿;水溶;1.0
贾萍;贾藻;1.0
史太君;王君效;1.0
单大良;吴新登;1.0
卫若兰;裘良;1.0
薛蟠;邢忠;1.0
司棋;麝月;1.0
彩云;绣凤;1.0
祝妈;莺儿;1.0
宝珠;袭人;1.0
智能;贾元春;1.0
鹦鹉;麝月;1.0
李纹;贾珠;1.0
陈瑞文;马魁;1.0
贾蓉之妻;贾迎春;1.0
四儿;鸳鸯;1.0
李纹;玻璃;1.0
孙绍祖;薛姨妈;1.0
周姨娘;鸳鸯;1.0
小红;鹦鹉;1.0
李纨;珍珠;1.0
拐子;王子腾;1.0
贾探春;贾蔷;1.0
贾巧姐;雪雁;1.0
妙玉;秦可卿;1.0
水溶;赖大;1.0
周瑞家的;花自芳;1.0
薛宝钗;贾菖;1.0
贾菌;顽石;1.0
喜鸾;玻璃;1.0
晴雯;贾蔷;1.0
彩屏;贾探春;1.0
贾敦;贾赦;1.0
王子腾;贾萍;1.0
裘良;陈瑞文;1.0
贾代化;贾琏;1.0
住儿;来旺;1.0
贾雨村;青儿;1.0
宝珠;王夫人;1.0
林之孝;贾琼;1.0
李纨;葵官;1.0
史鼎;王熙凤;1.0
晴雯;金彩;1.0
云儿;王夫人;1.0
秦钟;贾兰;1.0
佳蕙;王夫人;1.0
周氏;贾元春;1.0
彩霞;翠墨;1.0
天文生;平儿;1.0
贾敕;贾琼;1.0
裘良;马魁;1.0
王夫人;茄官;1.0
小红;珍珠;1.0
李纨;豆官;1.0
小螺;贾迎春;1.0
王荣;茗烟;1.0
贾兰;贾巧姐;1.0
侯孝康;柳芳;1.0
文杏;素云;1.0
李公子;王熙凤;1.0
王成;贾雨村;1.0
梅翰林;邢夫人;1.0
翠缕;贾兰;1.0
文杏;王夫人;1.0
小红;柳五儿;1.0
李纨;绮霰;1.0
戚建辉;柳芳;1.0
云儿;琥珀;1.0
贾珠;贾赦;1.0
秦钟;胡氏;1.0
倪二;王短腿;1.0
贾荇;贾菖;1.0
贾菖;贾萍;1.0
石光珠;谢鲸;1.0
贾演;贾珍;1.0
入画;麝月;1.0
智能;袭人;1.0
秦可卿;贾巧姐;1.0
素云;臻儿;1.0
王熙凤;良儿;1.0
司棋;尤氏;1.0
尤老娘;贾赦;1.0
谢鲸;马尚;1.0
女先儿;紫鹃;1.0
春纤;王熙凤;1.0
贾敬;贾珠;1.0
李纨;贾敬;1.0
袭人;锄药;1.0
贾效;贾菌;1.0
文官;贾蔷;1.0
倪二;四儿;1.0
彩云;臻儿;1.0
蕊官;贾琮;1.0
张华;柳湘莲;1.0
傻大姐;翠云;1.0
柳家的;蝉姐;1.0
篆儿;莺儿;1.0
林如海;水溶;1.0
贾效;贾菖;1.0
贾芹;贾迎春;1.0
王济仁;贾蓉;1.0
喜鸾;贾㻞;1.0
周瑞家的;彩屏;1.0
秦可卿;贾藻;1.0
板儿;王成;1.0
茄官;豆官;1.0
来喜家的;王熙凤;1.0
贾代善;贾赦;1.0
袭人;豆官;1.0
贾效;贾菱;1.0
女先儿;水溶;1.0
绣凤;金钏;1.0
寿儿;贾珍;1.0
绣鸾;金钏;1.0
甄士隐;薛宝钗;1.0
贾芝;贾藻;1.0
小螺;篆儿;1.0
林之孝;贾兰;1.0
林黛玉;程日兴;1.0
王熙凤;臻儿;1.0
史太君;赵国基;1.0
贾敷;贾蓉;1.0
妙玉;玉钏;1.0
藕官;邢夫人;1.0
同喜;琥珀;1.0
薛蟠;贾环;1.0
史鼐;薛宝钗;1.0
王济仁;贾惜春;1.0
喜鸾;贾迎春;1.0
程日兴;贾琏;1.0
李绮;林之孝家的;1.0
王夫人;鲍二家的;1.0
侯孝康;马尚;1.0
女先儿;彩云;1.0
平儿;王子腾;1.0
贾芝;贾赦;1.0
茄官;蕊官;1.0
板儿;林黛玉;1.0
王济仁;邢夫人;1.0
彩霞;翠缕;1.0
尤二姐;贾惜春;1.0
坠儿;文官;1.0
李纹;王仁;1.0
王仁;贾迎春;1.0
贾琮;贾芳;1.0
司棋;薛蟠;1.0
艾官;薛宝钗;1.0
春燕;翠墨;1.0
昭容;李纨;1.0
蕊官;贾迎春;1.0
小吉祥儿;林黛玉;1.0
贾琮;贾芬;1.0
贾琼;贾迎春;1.0
珍珠;贾惜春;1.0
小鸠儿;芳官;1.0
贾珖;贾萍;1.0
文杏;贾宝玉;1.0
彩云;绣鸾;1.0
李纹;贾琮;1.0
史湘云;顽石;1.0
小红;春纤;1.0
石光珠;马尚;1.0
贾璜;贾芹;1.0
绮霰;鸳鸯;1.0
贾代化;贾兰;1.0
周瑞家的;薛蟠;1.0
史太君;智通;1.0
娄氏;贾菱;1.0
茗烟;贾兰;1.0
柳五儿;贾兰;1.0
入画;文杏;1.0
戚建辉;马尚;1.0
吴贵妃;赵嬷嬷;1.0
宝珠;晴雯;1.0
倪二;冯唐;1.0
王夫人;青儿;1.0
同喜;春纤;1.0
丰儿;智能;1.0
小螺;芳官;1.0
晴雯;赖大;1.0
贾兰;贾菖;1.0
待书;麝月;1.0
贾㻞;贾兰;1.0
林黛玉;翠云;1.0
鲍二家的;鸳鸯;1.0
林之孝;琥珀;1.0
引愁金女;痴梦仙姑;1.0
贾兰;贾琼;1.0
贾敬;贾环;1.0
贾巧姐;贾环;1.0
史太君;昭儿;1.0
秦可卿;贾芹;1.0
佳蕙;莺儿;1.0
卜世仁;银姐;1.0
戚建辉;陈瑞文;1.0
邢岫烟;麝月;1.0
贾芳;贾蘅;1.0
柳芳;牛清;1.0
彩云;秦可卿;1.0
素云;茜雪;1.0
绣凤;邢夫人;1.0
嫣红;贾琏;1.0
贾琮;香菱;1.0
谢鲸;马魁;1.0
佩凤;女先儿;1.0
周氏;王夫人;1.0
彩屏;薛姨妈;1.0
水溶;薛宝琴;1.0
贾蓉;金氏;1.0
李嬷嬷;紫鹃;1.0
女先儿;文官;1.0
李嬷嬷;贾迎春;1.0
贾代化;贾政;1.0
司棋;春燕;1.0
佩凤;林黛玉;1.0
同贵;素云;1.0
彩云;王信;1.0
王熙凤;豆官;1.0
贾㻞;贾萍;1.0
篆儿;翠缕;1.0
司棋;贾政;1.0
小霞;赵姨娘;1.0
伴鹤;扫花;1.0
吴新登;贾珍;1.0
史湘云;薛蟠;1.0
王成;青儿;1.0
史湘云;水溶;1.0
茄官;薛宝钗;1.0
田妈;茗烟;1.0
史湘云;艾官;1.0
同贵;紫鹃;1.0
多官;赖大的母亲;1.0
贾敷;顽石;1.0
贾珍;贾珩;1.0
女先儿;莺儿;1.0
云儿;秋纹;1.0
刘氏;贾雨村;1.0
藕官;贾迎春;1.0
王善保家的;贾蓉;1.0
程日兴;胡斯来;1.0
戚建辉;马魁;1.0
周瑞家的;翠云;1.0
薛姨妈;赖尚荣;1.0
柳芳;马尚;1.0
牛清;陈翼;1.0
板儿;鸳鸯;1.0
贾代善;贾蔷;1.0
玉钏;翡翠;1.0
